resourceinstanceid,graphid,graphpublicationid,principaluser_id,transactionid,sql_file_id,sql_file_path,file_tileid,file_file,file_transactionid,fs_tileid,fs_file_statement_content,fs_file_statement_type,fs_file_statement_language,fs_transactionid
199e8923-c314-46ab-8e89-c0d07a08bf81,8713965e-d860-11ef-98f5-0275dc2ded29,a4ea5a7a-d7f0-11ef-a75a-0275dc2ded29,1,f9f0dce9-ad56-49a7-a013-017a510f5c58,09452bc1-c53d-4c01-93a7-cf838c762e9f,uploadedfiles/biolk_sC_100x_spot3.txt,0212052e-0d79-408d-8ca4-f51b99b53874,"[{""url"": ""/files/09452bc1-c53d-4c01-93a7-cf838c762e9f"", ""name"": ""biolk_sC_100x_spot3.txt"", ""path"": ""uploadedfiles/biolk_sC_100x_spot3.txt"", ""size"": null, ""type"": ""text/plain"", ""index"": 0, ""status"": ""uploaded"", ""content"": null, ""file_id"": ""09452bc1-c53d-4c01-93a7-cf838c762e9f"", ""accepted"": true, ""lastModified"": 1789172520}]",f9f0dce9-ad56-49a7-a013-017a510f5c58,0894cced-ed59-4ace-acab-9dd0fde6e523,"{""en"": {""value"": ""100xL, low gain, orange area, very high fluorescence"", ""direction"": ""ltr""}}","[{""uri"": ""http://localhost:8000/plugins/controlled-list-manager/item/b2f45594-6c10-49d7-a4b7-24e5ca839838"", ""labels"": [{""id"": ""ee1539ec-cdce-444b-a7bd-539f6c26567a"", ""value"": ""brief text"", ""language_id"": ""en"", ""list_item_id"": ""52946693-29d9-4292-a223-b20465e187ea"", ""valuetype_id"": ""prefLabel""}], ""list_id"": ""1adae7ea-4884-432f-af44-c9aea3a48a3d""}]","[{""uri"": ""http://vocab.getty.edu/aat/300388277"", ""labels"": [{""id"": ""bf59ca74-9146-4b2e-8ba7-3d7c30791491"", ""value"": ""English (language)"", ""language_id"": ""en"", ""list_item_id"": ""38729dbe-6d1c-48ce-bf47-e2a18945600e"", ""valuetype_id"": ""prefLabel""}], ""list_id"": ""f7fc4f6d-fd46-4881-846f-4a08bc1a3fef""}]",f9f0dce9-ad56-49a7-a013-017a510f5c58
199e8923-c314-46ab-8e89-c0d07a08bf81,8713965e-d860-11ef-98f5-0275dc2ded29,a4ea5a7a-d7f0-11ef-a75a-0275dc2ded29,1,f9f0dce9-ad56-49a7-a013-017a510f5c58,09452bc1-c53d-4c01-93a7-cf838c762e9f,uploadedfiles/biolk_sC_100x_spot3.txt,0212052e-0d79-408d-8ca4-f51b99b53874,"[{""url"": ""/files/09452bc1-c53d-4c01-93a7-cf838c762e9f"", ""name"": ""biolk_sC_100x_spot3.txt"", ""path"": ""uploadedfiles/biolk_sC_100x_spot3.txt"", ""size"": null, ""type"": ""text/plain"", ""index"": 0, ""status"": ""uploaded"", ""content"": null, ""file_id"": ""09452bc1-c53d-4c01-93a7-cf838c762e9f"", ""accepted"": true, ""lastModified"": 1789172520}]",f9f0dce9-ad56-49a7-a013-017a510f5c58,d218190d-8b6a-4e84-9cad-d40242a81459,"{""en"": {""value"": ""Fluorescence only"", ""direction"": ""ltr""}}","[{""uri"": ""http://localhost:8000/plugins/controlled-list-manager/item/2ddfe0e3-e6de-4d0c-a521-389cbeb24955"", ""labels"": [{""id"": ""cd9185de-b3cf-4cdb-9aea-370f5e7b5b8c"", ""value"": ""interpretation"", ""language_id"": ""en"", ""list_item_id"": ""1601a9d9-1bd9-41e4-906b-1db5d5f30767"", ""valuetype_id"": ""prefLabel""}], ""list_id"": ""1adae7ea-4884-432f-af44-c9aea3a48a3d""}]","[{""uri"": ""http://vocab.getty.edu/aat/300388277"", ""labels"": [{""id"": ""bf59ca74-9146-4b2e-8ba7-3d7c30791491"", ""value"": ""English (language)"", ""language_id"": ""en"", ""list_item_id"": ""38729dbe-6d1c-48ce-bf47-e2a18945600e"", ""valuetype_id"": ""prefLabel""}], ""list_id"": ""f7fc4f6d-fd46-4881-846f-4a08bc1a3fef""}]",f9f0dce9-ad56-49a7-a013-017a510f5c58
1dec1dcc-f336-4ff3-a82d-9ea5dffc66a9,8713965e-d860-11ef-98f5-0275dc2ded29,a4ea5a7a-d7f0-11ef-a75a-0275dc2ded29,1,f9f0dce9-ad56-49a7-a013-017a510f5c58,0e04427c-6a89-45fe-bd6c-ac8926263b4e,uploadedfiles/biolk_sC_100x_spot1.txt,0a8e713b-e9ac-4876-a8d7-b778edf2b16e,"[{""url"": ""/files/0e04427c-6a89-45fe-bd6c-ac8926263b4e"", ""name"": ""biolk_sC_100x_spot1.txt"", ""path"": ""uploadedfiles/biolk_sC_100x_spot1.txt"", ""size"": null, ""type"": ""text/plain"", ""index"": 0, ""status"": ""uploaded"", ""content"": null, ""file_id"": ""0e04427c-6a89-45fe-bd6c-ac8926263b4e"", ""accepted"": true, ""lastModified"": 1789172520}]",f9f0dce9-ad56-49a7-a013-017a510f5c58,e3fb5841-ba46-4723-a72a-f11c7cf6e65d,"{""en"": {""value"": ""Fluorescence only"", ""direction"": ""ltr""}}","[{""uri"": ""http://localhost:8000/plugins/controlled-list-manager/item/2ddfe0e3-e6de-4d0c-a521-389cbeb24955"", ""labels"": [{""id"": ""cd9185de-b3cf-4cdb-9aea-370f5e7b5b8c"", ""value"": ""interpretation"", ""language_id"": ""en"", ""list_item_id"": ""1601a9d9-1bd9-41e4-906b-1db5d5f30767"", ""valuetype_id"": ""prefLabel""}], ""list_id"": ""1adae7ea-4884-432f-af44-c9aea3a48a3d""}]","[{""uri"": ""http://vocab.getty.edu/aat/300388277"", ""labels"": [{""id"": ""bf59ca74-9146-4b2e-8ba7-3d7c30791491"", ""value"": ""English (language)"", ""language_id"": ""en"", ""list_item_id"": ""38729dbe-6d1c-48ce-bf47-e2a18945600e"", ""valuetype_id"": ""prefLabel""}], ""list_id"": ""f7fc4f6d-fd46-4881-846f-4a08bc1a3fef""}]",f9f0dce9-ad56-49a7-a013-017a510f5c58
1dec1dcc-f336-4ff3-a82d-9ea5dffc66a9,8713965e-d860-11ef-98f5-0275dc2ded29,a4ea5a7a-d7f0-11ef-a75a-0275dc2ded29,1,f9f0dce9-ad56-49a7-a013-017a510f5c58,0e04427c-6a89-45fe-bd6c-ac8926263b4e,uploadedfiles/biolk_sC_100x_spot1.txt,0a8e713b-e9ac-4876-a8d7-b778edf2b16e,"[{""url"": ""/files/0e04427c-6a89-45fe-bd6c-ac8926263b4e"", ""name"": ""biolk_sC_100x_spot1.txt"", ""path"": ""uploadedfiles/biolk_sC_100x_spot1.txt"", ""size"": null, ""type"": ""text/plain"", ""index"": 0, ""status"": ""uploaded"", ""content"": null, ""file_id"": ""0e04427c-6a89-45fe-bd6c-ac8926263b4e"", ""accepted"": true, ""lastModified"": 1789172520}]",f9f0dce9-ad56-49a7-a013-017a510f5c58,18bb9e2e-e0b8-4ddf-bd91-1720fdc0ba89,"{""en"": {""value"": ""100xL, low gain, orange area, very high fluorescence"", ""direction"": ""ltr""}}","[{""uri"": ""http://localhost:8000/plugins/controlled-list-manager/item/b2f45594-6c10-49d7-a4b7-24e5ca839838"", ""labels"": [{""id"": ""ee1539ec-cdce-444b-a7bd-539f6c26567a"", ""value"": ""brief text"", ""language_id"": ""en"", ""list_item_id"": ""52946693-29d9-4292-a223-b20465e187ea"", ""valuetype_id"": ""prefLabel""}], ""list_id"": ""1adae7ea-4884-432f-af44-c9aea3a48a3d""}]","[{""uri"": ""http://vocab.getty.edu/aat/300388277"", ""labels"": [{""id"": ""bf59ca74-9146-4b2e-8ba7-3d7c30791491"", ""value"": ""English (language)"", ""language_id"": ""en"", ""list_item_id"": ""38729dbe-6d1c-48ce-bf47-e2a18945600e"", ""valuetype_id"": ""prefLabel""}], ""list_id"": ""f7fc4f6d-fd46-4881-846f-4a08bc1a3fef""}]",f9f0dce9-ad56-49a7-a013-017a510f5c58
4ec84f54-c27f-4880-8339-146eb381363b,8713965e-d860-11ef-98f5-0275dc2ded29,a4ea5a7a-d7f0-11ef-a75a-0275dc2ded29,1,f9f0dce9-ad56-49a7-a013-017a510f5c58,a38326d2-3980-40c1-a34a-c20931def52e,uploadedfiles/biolk_sC_100x_spot4.txt,814e9b5a-ede1-43a9-a605-06cb37c8e4ed,"[{""url"": ""/files/a38326d2-3980-40c1-a34a-c20931def52e"", ""name"": ""biolk_sC_100x_spot4.txt"", ""path"": ""uploadedfiles/biolk_sC_100x_spot4.txt"", ""size"": null, ""type"": ""text/plain"", ""index"": 0, ""status"": ""uploaded"", ""content"": null, ""file_id"": ""a38326d2-3980-40c1-a34a-c20931def52e"", ""accepted"": true, ""lastModified"": 1789172520}]",f9f0dce9-ad56-49a7-a013-017a510f5c58,d84780ca-e3f4-4a31-a4b7-e1a9ed9d2199,"{""en"": {""value"": ""100xL, low gain, orange area, very high fluorescence"", ""direction"": ""ltr""}}","[{""uri"": ""http://localhost:8000/plugins/controlled-list-manager/item/b2f45594-6c10-49d7-a4b7-24e5ca839838"", ""labels"": [{""id"": ""ee1539ec-cdce-444b-a7bd-539f6c26567a"", ""value"": ""brief text"", ""language_id"": ""en"", ""list_item_id"": ""52946693-29d9-4292-a223-b20465e187ea"", ""valuetype_id"": ""prefLabel""}], ""list_id"": ""1adae7ea-4884-432f-af44-c9aea3a48a3d""}]","[{""uri"": ""http://vocab.getty.edu/aat/300388277"", ""labels"": [{""id"": ""bf59ca74-9146-4b2e-8ba7-3d7c30791491"", ""value"": ""English (language)"", ""language_id"": ""en"", ""list_item_id"": ""38729dbe-6d1c-48ce-bf47-e2a18945600e"", ""valuetype_id"": ""prefLabel""}], ""list_id"": ""f7fc4f6d-fd46-4881-846f-4a08bc1a3fef""}]",f9f0dce9-ad56-49a7-a013-017a510f5c58
4ec84f54-c27f-4880-8339-146eb381363b,8713965e-d860-11ef-98f5-0275dc2ded29,a4ea5a7a-d7f0-11ef-a75a-0275dc2ded29,1,f9f0dce9-ad56-49a7-a013-017a510f5c58,a38326d2-3980-40c1-a34a-c20931def52e,uploadedfiles/biolk_sC_100x_spot4.txt,814e9b5a-ede1-43a9-a605-06cb37c8e4ed,"[{""url"": ""/files/a38326d2-3980-40c1-a34a-c20931def52e"", ""name"": ""biolk_sC_100x_spot4.txt"", ""path"": ""uploadedfiles/biolk_sC_100x_spot4.txt"", ""size"": null, ""type"": ""text/plain"", ""index"": 0, ""status"": ""uploaded"", ""content"": null, ""file_id"": ""a38326d2-3980-40c1-a34a-c20931def52e"", ""accepted"": true, ""lastModified"": 1789172520}]",f9f0dce9-ad56-49a7-a013-017a510f5c58,d7df3c7f-7da5-4a1b-a511-88aeeba0ee05,"{""en"": {""value"": ""Fluorescence only"", ""direction"": ""ltr""}}","[{""uri"": ""http://localhost:8000/plugins/controlled-list-manager/item/2ddfe0e3-e6de-4d0c-a521-389cbeb24955"", ""labels"": [{""id"": ""cd9185de-b3cf-4cdb-9aea-370f5e7b5b8c"", ""value"": ""interpretation"", ""language_id"": ""en"", ""list_item_id"": ""1601a9d9-1bd9-41e4-906b-1db5d5f30767"", ""valuetype_id"": ""prefLabel""}], ""list_id"": ""1adae7ea-4884-432f-af44-c9aea3a48a3d""}]","[{""uri"": ""http://vocab.getty.edu/aat/300388277"", ""labels"": [{""id"": ""bf59ca74-9146-4b2e-8ba7-3d7c30791491"", ""value"": ""English (language)"", ""language_id"": ""en"", ""list_item_id"": ""38729dbe-6d1c-48ce-bf47-e2a18945600e"", ""valuetype_id"": ""prefLabel""}], ""list_id"": ""f7fc4f6d-fd46-4881-846f-4a08bc1a3fef""}]",f9f0dce9-ad56-49a7-a013-017a510f5c58
55e29584-b631-4dd2-a8dc-60ad4fcf4bd9,8713965e-d860-11ef-98f5-0275dc2ded29,a4ea5a7a-d7f0-11ef-a75a-0275dc2ded29,1,f9f0dce9-ad56-49a7-a013-017a510f5c58,6150f5d5-0c88-4376-9757-292e6efcde9b,uploadedfiles/biolk_sA2_50x_spot1.txt,b50cd031-2b0f-4a49-ad86-130b80f64bbc,"[{""url"": ""/files/6150f5d5-0c88-4376-9757-292e6efcde9b"", ""name"": ""biolk_sA2_50x_spot1.txt"", ""path"": ""uploadedfiles/biolk_sA2_50x_spot1.txt"", ""size"": null, ""type"": ""text/plain"", ""index"": 0, ""status"": ""uploaded"", ""content"": null, ""file_id"": ""6150f5d5-0c88-4376-9757-292e6efcde9b"", ""accepted"": true, ""lastModified"": 1789172520}]",f9f0dce9-ad56-49a7-a013-017a510f5c58,db662c6a-3dbc-4d9b-9382-54b8b9310609,"{""en"": {""value"": ""indigo"", ""direction"": ""ltr""}}","[{""uri"": ""http://localhost:8000/plugins/controlled-list-manager/item/2ddfe0e3-e6de-4d0c-a521-389cbeb24955"", ""labels"": [{""id"": ""cd9185de-b3cf-4cdb-9aea-370f5e7b5b8c"", ""value"": ""interpretation"", ""language_id"": ""en"", ""list_item_id"": ""1601a9d9-1bd9-41e4-906b-1db5d5f30767"", ""valuetype_id"": ""prefLabel""}], ""list_id"": ""1adae7ea-4884-432f-af44-c9aea3a48a3d""}]","[{""uri"": ""http://vocab.getty.edu/aat/300388277"", ""labels"": [{""id"": ""bf59ca74-9146-4b2e-8ba7-3d7c30791491"", ""value"": ""English (language)"", ""language_id"": ""en"", ""list_item_id"": ""38729dbe-6d1c-48ce-bf47-e2a18945600e"", ""valuetype_id"": ""prefLabel""}], ""list_id"": ""f7fc4f6d-fd46-4881-846f-4a08bc1a3fef""}]",f9f0dce9-ad56-49a7-a013-017a510f5c58
55e29584-b631-4dd2-a8dc-60ad4fcf4bd9,8713965e-d860-11ef-98f5-0275dc2ded29,a4ea5a7a-d7f0-11ef-a75a-0275dc2ded29,1,f9f0dce9-ad56-49a7-a013-017a510f5c58,3e1b0909-651e-4444-8285-d47a8e2e271a,uploadedfiles/biolk_sA2_20x_spot1.txt,a4f7b270-6cda-4bcd-9dc2-221d1bf51804,"[{""url"": ""/files/3e1b0909-651e-4444-8285-d47a8e2e271a"", ""name"": ""biolk_sA2_20x_spot1.txt"", ""path"": ""uploadedfiles/biolk_sA2_20x_spot1.txt"", ""size"": null, ""type"": ""text/plain"", ""index"": 0, ""status"": ""uploaded"", ""content"": null, ""file_id"": ""3e1b0909-651e-4444-8285-d47a8e2e271a"", ""accepted"": true, ""lastModified"": 1789172520}]",f9f0dce9-ad56-49a7-a013-017a510f5c58,5b085424-a1bf-4a84-a7da-02a163999015,"{""en"": {""value"": ""indigo"", ""direction"": ""ltr""}}","[{""uri"": ""http://localhost:8000/plugins/controlled-list-manager/item/2ddfe0e3-e6de-4d0c-a521-389cbeb24955"", ""labels"": [{""id"": ""cd9185de-b3cf-4cdb-9aea-370f5e7b5b8c"", ""value"": ""interpretation"", ""language_id"": ""en"", ""list_item_id"": ""1601a9d9-1bd9-41e4-906b-1db5d5f30767"", ""valuetype_id"": ""prefLabel""}], ""list_id"": ""1adae7ea-4884-432f-af44-c9aea3a48a3d""}]","[{""uri"": ""http://vocab.getty.edu/aat/300388277"", ""labels"": [{""id"": ""bf59ca74-9146-4b2e-8ba7-3d7c30791491"", ""value"": ""English (language)"", ""language_id"": ""en"", ""list_item_id"": ""38729dbe-6d1c-48ce-bf47-e2a18945600e"", ""valuetype_id"": ""prefLabel""}], ""list_id"": ""f7fc4f6d-fd46-4881-846f-4a08bc1a3fef""}]",f9f0dce9-ad56-49a7-a013-017a510f5c58
55e29584-b631-4dd2-a8dc-60ad4fcf4bd9,8713965e-d860-11ef-98f5-0275dc2ded29,a4ea5a7a-d7f0-11ef-a75a-0275dc2ded29,1,f9f0dce9-ad56-49a7-a013-017a510f5c58,6150f5d5-0c88-4376-9757-292e6efcde9b,uploadedfiles/biolk_sA2_50x_spot1.txt,b50cd031-2b0f-4a49-ad86-130b80f64bbc,"[{""url"": ""/files/6150f5d5-0c88-4376-9757-292e6efcde9b"", ""name"": ""biolk_sA2_50x_spot1.txt"", ""path"": ""uploadedfiles/biolk_sA2_50x_spot1.txt"", ""size"": null, ""type"": ""text/plain"", ""index"": 0, ""status"": ""uploaded"", ""content"": null, ""file_id"": ""6150f5d5-0c88-4376-9757-292e6efcde9b"", ""accepted"": true, ""lastModified"": 1789172520}]",f9f0dce9-ad56-49a7-a013-017a510f5c58,e8361e6d-d7e9-4b61-a748-cbb63f63632a,"{""en"": {""value"": ""50xL, low gain, dark area, high fluorescence"", ""direction"": ""ltr""}}","[{""uri"": ""http://localhost:8000/plugins/controlled-list-manager/item/b2f45594-6c10-49d7-a4b7-24e5ca839838"", ""labels"": [{""id"": ""ee1539ec-cdce-444b-a7bd-539f6c26567a"", ""value"": ""brief text"", ""language_id"": ""en"", ""list_item_id"": ""52946693-29d9-4292-a223-b20465e187ea"", ""valuetype_id"": ""prefLabel""}], ""list_id"": ""1adae7ea-4884-432f-af44-c9aea3a48a3d""}]","[{""uri"": ""http://vocab.getty.edu/aat/300388277"", ""labels"": [{""id"": ""bf59ca74-9146-4b2e-8ba7-3d7c30791491"", ""value"": ""English (language)"", ""language_id"": ""en"", ""list_item_id"": ""38729dbe-6d1c-48ce-bf47-e2a18945600e"", ""valuetype_id"": ""prefLabel""}], ""list_id"": ""f7fc4f6d-fd46-4881-846f-4a08bc1a3fef""}]",f9f0dce9-ad56-49a7-a013-017a510f5c58
55e29584-b631-4dd2-a8dc-60ad4fcf4bd9,8713965e-d860-11ef-98f5-0275dc2ded29,a4ea5a7a-d7f0-11ef-a75a-0275dc2ded29,1,f9f0dce9-ad56-49a7-a013-017a510f5c58,3e1b0909-651e-4444-8285-d47a8e2e271a,uploadedfiles/biolk_sA2_20x_spot1.txt,a4f7b270-6cda-4bcd-9dc2-221d1bf51804,"[{""url"": ""/files/3e1b0909-651e-4444-8285-d47a8e2e271a"", ""name"": ""biolk_sA2_20x_spot1.txt"", ""path"": ""uploadedfiles/biolk_sA2_20x_spot1.txt"", ""size"": null, ""type"": ""text/plain"", ""index"": 0, ""status"": ""uploaded"", ""content"": null, ""file_id"": ""3e1b0909-651e-4444-8285-d47a8e2e271a"", ""accepted"": true, ""lastModified"": 1789172520}]",f9f0dce9-ad56-49a7-a013-017a510f5c58,454906be-8a4d-4c94-8395-f1efc5b77945,"{""en"": {""value"": ""20x, low gain, dark area, high fluorescence"", ""direction"": ""ltr""}}","[{""uri"": ""http://localhost:8000/plugins/controlled-list-manager/item/b2f45594-6c10-49d7-a4b7-24e5ca839838"", ""labels"": [{""id"": ""ee1539ec-cdce-444b-a7bd-539f6c26567a"", ""value"": ""brief text"", ""language_id"": ""en"", ""list_item_id"": ""52946693-29d9-4292-a223-b20465e187ea"", ""valuetype_id"": ""prefLabel""}], ""list_id"": ""1adae7ea-4884-432f-af44-c9aea3a48a3d""}]","[{""uri"": ""http://vocab.getty.edu/aat/300388277"", ""labels"": [{""id"": ""bf59ca74-9146-4b2e-8ba7-3d7c30791491"", ""value"": ""English (language)"", ""language_id"": ""en"", ""list_item_id"": ""38729dbe-6d1c-48ce-bf47-e2a18945600e"", ""valuetype_id"": ""prefLabel""}], ""list_id"": ""f7fc4f6d-fd46-4881-846f-4a08bc1a3fef""}]",f9f0dce9-ad56-49a7-a013-017a510f5c58
566f96fe-87ef-4711-9ad8-3693d48277ea,8713965e-d860-11ef-98f5-0275dc2ded29,a4ea5a7a-d7f0-11ef-a75a-0275dc2ded29,1,f9f0dce9-ad56-49a7-a013-017a510f5c58,eb8f81be-dc41-47de-b1ea-c7ab5877ef29,uploadedfiles/biolk_sC_100x_spot5.txt,70061715-0275-4808-b1eb-11795391093c,"[{""url"": ""/files/eb8f81be-dc41-47de-b1ea-c7ab5877ef29"", ""name"": ""biolk_sC_100x_spot5.txt"", ""path"": ""uploadedfiles/biolk_sC_100x_spot5.txt"", ""size"": null, ""type"": ""text/plain"", ""index"": 0, ""status"": ""uploaded"", ""content"": null, ""file_id"": ""eb8f81be-dc41-47de-b1ea-c7ab5877ef29"", ""accepted"": true, ""lastModified"": 1789172520}]",f9f0dce9-ad56-49a7-a013-017a510f5c58,1b1d2f97-a3e0-4231-a8d8-41bbf1760467,"{""en"": {""value"": ""100xL, low gain, orange area, very high fluorescence"", ""direction"": ""ltr""}}","[{""uri"": ""http://localhost:8000/plugins/controlled-list-manager/item/b2f45594-6c10-49d7-a4b7-24e5ca839838"", ""labels"": [{""id"": ""ee1539ec-cdce-444b-a7bd-539f6c26567a"", ""value"": ""brief text"", ""language_id"": ""en"", ""list_item_id"": ""52946693-29d9-4292-a223-b20465e187ea"", ""valuetype_id"": ""prefLabel""}], ""list_id"": ""1adae7ea-4884-432f-af44-c9aea3a48a3d""}]","[{""uri"": ""http://vocab.getty.edu/aat/300388277"", ""labels"": [{""id"": ""bf59ca74-9146-4b2e-8ba7-3d7c30791491"", ""value"": ""English (language)"", ""language_id"": ""en"", ""list_item_id"": ""38729dbe-6d1c-48ce-bf47-e2a18945600e"", ""valuetype_id"": ""prefLabel""}], ""list_id"": ""f7fc4f6d-fd46-4881-846f-4a08bc1a3fef""}]",f9f0dce9-ad56-49a7-a013-017a510f5c58
566f96fe-87ef-4711-9ad8-3693d48277ea,8713965e-d860-11ef-98f5-0275dc2ded29,a4ea5a7a-d7f0-11ef-a75a-0275dc2ded29,1,f9f0dce9-ad56-49a7-a013-017a510f5c58,eb8f81be-dc41-47de-b1ea-c7ab5877ef29,uploadedfiles/biolk_sC_100x_spot5.txt,70061715-0275-4808-b1eb-11795391093c,"[{""url"": ""/files/eb8f81be-dc41-47de-b1ea-c7ab5877ef29"", ""name"": ""biolk_sC_100x_spot5.txt"", ""path"": ""uploadedfiles/biolk_sC_100x_spot5.txt"", ""size"": null, ""type"": ""text/plain"", ""index"": 0, ""status"": ""uploaded"", ""content"": null, ""file_id"": ""eb8f81be-dc41-47de-b1ea-c7ab5877ef29"", ""accepted"": true, ""lastModified"": 1789172520}]",f9f0dce9-ad56-49a7-a013-017a510f5c58,3fe6f1fb-5f86-4949-b2c4-561698f9b81b,"{""en"": {""value"": ""Fluorescence only"", ""direction"": ""ltr""}}","[{""uri"": ""http://localhost:8000/plugins/controlled-list-manager/item/2ddfe0e3-e6de-4d0c-a521-389cbeb24955"", ""labels"": [{""id"": ""cd9185de-b3cf-4cdb-9aea-370f5e7b5b8c"", ""value"": ""interpretation"", ""language_id"": ""en"", ""list_item_id"": ""1601a9d9-1bd9-41e4-906b-1db5d5f30767"", ""valuetype_id"": ""prefLabel""}], ""list_id"": ""1adae7ea-4884-432f-af44-c9aea3a48a3d""}]","[{""uri"": ""http://vocab.getty.edu/aat/300388277"", ""labels"": [{""id"": ""bf59ca74-9146-4b2e-8ba7-3d7c30791491"", ""value"": ""English (language)"", ""language_id"": ""en"", ""list_item_id"": ""38729dbe-6d1c-48ce-bf47-e2a18945600e"", ""valuetype_id"": ""prefLabel""}], ""list_id"": ""f7fc4f6d-fd46-4881-846f-4a08bc1a3fef""}]",f9f0dce9-ad56-49a7-a013-017a510f5c58
5746c92f-b8ce-4a90-bf26-e8ca2429ad59,8713965e-d860-11ef-98f5-0275dc2ded29,a4ea5a7a-d7f0-11ef-a75a-0275dc2ded29,1,f9f0dce9-ad56-49a7-a013-017a510f5c58,9eba1281-1db0-4623-b918-bd6862ebd3a4,uploadedfiles/biolk_sC_100x_spot6.txt,19448f23-5d6a-4d79-9f12-a4c74248ed93,"[{""url"": ""/files/9eba1281-1db0-4623-b918-bd6862ebd3a4"", ""name"": ""biolk_sC_100x_spot6.txt"", ""path"": ""uploadedfiles/biolk_sC_100x_spot6.txt"", ""size"": null, ""type"": ""text/plain"", ""index"": 0, ""status"": ""uploaded"", ""content"": null, ""file_id"": ""9eba1281-1db0-4623-b918-bd6862ebd3a4"", ""accepted"": true, ""lastModified"": 1789172520}]",f9f0dce9-ad56-49a7-a013-017a510f5c58,ff1f3957-0828-4357-b953-8b7f6affe044,"{""en"": {""value"": ""Fluorescence. only"", ""direction"": ""ltr""}}","[{""uri"": ""http://localhost:8000/plugins/controlled-list-manager/item/2ddfe0e3-e6de-4d0c-a521-389cbeb24955"", ""labels"": [{""id"": ""cd9185de-b3cf-4cdb-9aea-370f5e7b5b8c"", ""value"": ""interpretation"", ""language_id"": ""en"", ""list_item_id"": ""1601a9d9-1bd9-41e4-906b-1db5d5f30767"", ""valuetype_id"": ""prefLabel""}], ""list_id"": ""1adae7ea-4884-432f-af44-c9aea3a48a3d""}]","[{""uri"": ""http://vocab.getty.edu/aat/300388277"", ""labels"": [{""id"": ""bf59ca74-9146-4b2e-8ba7-3d7c30791491"", ""value"": ""English (language)"", ""language_id"": ""en"", ""list_item_id"": ""38729dbe-6d1c-48ce-bf47-e2a18945600e"", ""valuetype_id"": ""prefLabel""}], ""list_id"": ""f7fc4f6d-fd46-4881-846f-4a08bc1a3fef""}]",f9f0dce9-ad56-49a7-a013-017a510f5c58
5746c92f-b8ce-4a90-bf26-e8ca2429ad59,8713965e-d860-11ef-98f5-0275dc2ded29,a4ea5a7a-d7f0-11ef-a75a-0275dc2ded29,1,f9f0dce9-ad56-49a7-a013-017a510f5c58,9eba1281-1db0-4623-b918-bd6862ebd3a4,uploadedfiles/biolk_sC_100x_spot6.txt,19448f23-5d6a-4d79-9f12-a4c74248ed93,"[{""url"": ""/files/9eba1281-1db0-4623-b918-bd6862ebd3a4"", ""name"": ""biolk_sC_100x_spot6.txt"", ""path"": ""uploadedfiles/biolk_sC_100x_spot6.txt"", ""size"": null, ""type"": ""text/plain"", ""index"": 0, ""status"": ""uploaded"", ""content"": null, ""file_id"": ""9eba1281-1db0-4623-b918-bd6862ebd3a4"", ""accepted"": true, ""lastModified"": 1789172520}]",f9f0dce9-ad56-49a7-a013-017a510f5c58,c8f38465-9362-4d1d-b11e-3a79744dad95,"{""en"": {""value"": ""100xL, low gain, white in orange area, very high fluorescence"", ""direction"": ""ltr""}}","[{""uri"": ""http://localhost:8000/plugins/controlled-list-manager/item/b2f45594-6c10-49d7-a4b7-24e5ca839838"", ""labels"": [{""id"": ""ee1539ec-cdce-444b-a7bd-539f6c26567a"", ""value"": ""brief text"", ""language_id"": ""en"", ""list_item_id"": ""52946693-29d9-4292-a223-b20465e187ea"", ""valuetype_id"": ""prefLabel""}], ""list_id"": ""1adae7ea-4884-432f-af44-c9aea3a48a3d""}]","[{""uri"": ""http://vocab.getty.edu/aat/300388277"", ""labels"": [{""id"": ""bf59ca74-9146-4b2e-8ba7-3d7c30791491"", ""value"": ""English (language)"", ""language_id"": ""en"", ""list_item_id"": ""38729dbe-6d1c-48ce-bf47-e2a18945600e"", ""valuetype_id"": ""prefLabel""}], ""list_id"": ""f7fc4f6d-fd46-4881-846f-4a08bc1a3fef""}]",f9f0dce9-ad56-49a7-a013-017a510f5c58
5effbdb1-63af-4d23-97fe-3711972d34b4,8713965e-d860-11ef-98f5-0275dc2ded29,a4ea5a7a-d7f0-11ef-a75a-0275dc2ded29,1,f9f0dce9-ad56-49a7-a013-017a510f5c58,a95f55ab-350f-4234-82b8-e7ba061b65c8,uploadedfiles/biolk_sA2_50x_spot3.txt,3d155fb1-83f2-4630-bdf4-4444d7d00190,"[{""url"": ""/files/a95f55ab-350f-4234-82b8-e7ba061b65c8"", ""name"": ""biolk_sA2_50x_spot3.txt"", ""path"": ""uploadedfiles/biolk_sA2_50x_spot3.txt"", ""size"": null, ""type"": ""text/plain"", ""index"": 0, ""status"": ""uploaded"", ""content"": null, ""file_id"": ""a95f55ab-350f-4234-82b8-e7ba061b65c8"", ""accepted"": true, ""lastModified"": 1789172520}]",f9f0dce9-ad56-49a7-a013-017a510f5c58,fc7d9800-770a-4669-a824-6a0f49b63149,"{""en"": {""value"": ""50xL, low gain, dark area"", ""direction"": ""ltr""}}","[{""uri"": ""http://localhost:8000/plugins/controlled-list-manager/item/b2f45594-6c10-49d7-a4b7-24e5ca839838"", ""labels"": [{""id"": ""ee1539ec-cdce-444b-a7bd-539f6c26567a"", ""value"": ""brief text"", ""language_id"": ""en"", ""list_item_id"": ""52946693-29d9-4292-a223-b20465e187ea"", ""valuetype_id"": ""prefLabel""}], ""list_id"": ""1adae7ea-4884-432f-af44-c9aea3a48a3d""}]","[{""uri"": ""http://vocab.getty.edu/aat/300388277"", ""labels"": [{""id"": ""bf59ca74-9146-4b2e-8ba7-3d7c30791491"", ""value"": ""English (language)"", ""language_id"": ""en"", ""list_item_id"": ""38729dbe-6d1c-48ce-bf47-e2a18945600e"", ""valuetype_id"": ""prefLabel""}], ""list_id"": ""f7fc4f6d-fd46-4881-846f-4a08bc1a3fef""}]",f9f0dce9-ad56-49a7-a013-017a510f5c58
5effbdb1-63af-4d23-97fe-3711972d34b4,8713965e-d860-11ef-98f5-0275dc2ded29,a4ea5a7a-d7f0-11ef-a75a-0275dc2ded29,1,f9f0dce9-ad56-49a7-a013-017a510f5c58,a95f55ab-350f-4234-82b8-e7ba061b65c8,uploadedfiles/biolk_sA2_50x_spot3.txt,3d155fb1-83f2-4630-bdf4-4444d7d00190,"[{""url"": ""/files/a95f55ab-350f-4234-82b8-e7ba061b65c8"", ""name"": ""biolk_sA2_50x_spot3.txt"", ""path"": ""uploadedfiles/biolk_sA2_50x_spot3.txt"", ""size"": null, ""type"": ""text/plain"", ""index"": 0, ""status"": ""uploaded"", ""content"": null, ""file_id"": ""a95f55ab-350f-4234-82b8-e7ba061b65c8"", ""accepted"": true, ""lastModified"": 1789172520}]",f9f0dce9-ad56-49a7-a013-017a510f5c58,04a4f0e3-47f7-47f4-81b2-5b56dbcc8ae9,"{""en"": {""value"": ""Indigo and Barium yellow"", ""direction"": ""ltr""}}","[{""uri"": ""http://localhost:8000/plugins/controlled-list-manager/item/2ddfe0e3-e6de-4d0c-a521-389cbeb24955"", ""labels"": [{""id"": ""cd9185de-b3cf-4cdb-9aea-370f5e7b5b8c"", ""value"": ""interpretation"", ""language_id"": ""en"", ""list_item_id"": ""1601a9d9-1bd9-41e4-906b-1db5d5f30767"", ""valuetype_id"": ""prefLabel""}], ""list_id"": ""1adae7ea-4884-432f-af44-c9aea3a48a3d""}]","[{""uri"": ""http://vocab.getty.edu/aat/300388277"", ""labels"": [{""id"": ""bf59ca74-9146-4b2e-8ba7-3d7c30791491"", ""value"": ""English (language)"", ""language_id"": ""en"", ""list_item_id"": ""38729dbe-6d1c-48ce-bf47-e2a18945600e"", ""valuetype_id"": ""prefLabel""}], ""list_id"": ""f7fc4f6d-fd46-4881-846f-4a08bc1a3fef""}]",f9f0dce9-ad56-49a7-a013-017a510f5c58
7ccefd30-b863-48af-b58d-33a75e7cec1b,8713965e-d860-11ef-98f5-0275dc2ded29,a4ea5a7a-d7f0-11ef-a75a-0275dc2ded29,1,f9f0dce9-ad56-49a7-a013-017a510f5c58,4dc73d16-5089-40d2-9936-e94bf4e6e32e,uploadedfiles/Biolk_XRF__007.txt,f2f3714a-d878-46b5-b0fa-252a0775deb0,"[{""url"": ""/files/4dc73d16-5089-40d2-9936-e94bf4e6e32e"", ""name"": ""Biolk_XRF__007.txt"", ""path"": ""uploadedfiles/Biolk_XRF__007.txt"", ""size"": null, ""type"": ""text/plain"", ""index"": 0, ""status"": ""uploaded"", ""content"": null, ""file_id"": ""4dc73d16-5089-40d2-9936-e94bf4e6e32e"", ""accepted"": true, ""lastModified"": 1789172520}]",f9f0dce9-ad56-49a7-a013-017a510f5c58,c6583a08-c98b-4c7e-846d-c65b23004284,"{""en"": {""value"": ""blue spot: Major Ti, Ca; minor Fe, Cr; trace K, S"", ""direction"": ""ltr""}}","[{""uri"": ""http://localhost:8000/plugins/controlled-list-manager/item/2ddfe0e3-e6de-4d0c-a521-389cbeb24955"", ""labels"": [{""id"": ""cd9185de-b3cf-4cdb-9aea-370f5e7b5b8c"", ""value"": ""interpretation"", ""language_id"": ""en"", ""list_item_id"": ""1601a9d9-1bd9-41e4-906b-1db5d5f30767"", ""valuetype_id"": ""prefLabel""}], ""list_id"": ""1adae7ea-4884-432f-af44-c9aea3a48a3d""}]","[{""uri"": ""http://vocab.getty.edu/aat/300388277"", ""labels"": [{""id"": ""bf59ca74-9146-4b2e-8ba7-3d7c30791491"", ""value"": ""English (language)"", ""language_id"": ""en"", ""list_item_id"": ""38729dbe-6d1c-48ce-bf47-e2a18945600e"", ""valuetype_id"": ""prefLabel""}], ""list_id"": ""f7fc4f6d-fd46-4881-846f-4a08bc1a3fef""}]",f9f0dce9-ad56-49a7-a013-017a510f5c58
83a6ebf8-4e43-4233-aa2c-8c33731de73d,8713965e-d860-11ef-98f5-0275dc2ded29,a4ea5a7a-d7f0-11ef-a75a-0275dc2ded29,1,f9f0dce9-ad56-49a7-a013-017a510f5c58,b6666138-7306-4fe0-b0f5-aeed7e3c75e4,uploadedfiles/Biolk_XRF__004.txt,a447862a-da89-442c-ae35-a465de1d206e,"[{""url"": ""/files/b6666138-7306-4fe0-b0f5-aeed7e3c75e4"", ""name"": ""Biolk_XRF__004.txt"", ""path"": ""uploadedfiles/Biolk_XRF__004.txt"", ""size"": null, ""type"": ""text/plain"", ""index"": 0, ""status"": ""uploaded"", ""content"": null, ""file_id"": ""b6666138-7306-4fe0-b0f5-aeed7e3c75e4"", ""accepted"": true, ""lastModified"": 1789172520}]",f9f0dce9-ad56-49a7-a013-017a510f5c58,3c58c53c-8700-468f-976f-38d237f27857,"{""en"": {""value"": ""orange area: Major Cd ; Minor S; trace Ti"", ""direction"": ""ltr""}}","[{""uri"": ""http://localhost:8000/plugins/controlled-list-manager/item/2ddfe0e3-e6de-4d0c-a521-389cbeb24955"", ""labels"": [{""id"": ""cd9185de-b3cf-4cdb-9aea-370f5e7b5b8c"", ""value"": ""interpretation"", ""language_id"": ""en"", ""list_item_id"": ""1601a9d9-1bd9-41e4-906b-1db5d5f30767"", ""valuetype_id"": ""prefLabel""}], ""list_id"": ""1adae7ea-4884-432f-af44-c9aea3a48a3d""}]","[{""uri"": ""http://vocab.getty.edu/aat/300388277"", ""labels"": [{""id"": ""bf59ca74-9146-4b2e-8ba7-3d7c30791491"", ""value"": ""English (language)"", ""language_id"": ""en"", ""list_item_id"": ""38729dbe-6d1c-48ce-bf47-e2a18945600e"", ""valuetype_id"": ""prefLabel""}], ""list_id"": ""f7fc4f6d-fd46-4881-846f-4a08bc1a3fef""}]",f9f0dce9-ad56-49a7-a013-017a510f5c58
86cdd5f1-0359-4fee-9b44-48e144998ea4,8713965e-d860-11ef-98f5-0275dc2ded29,a4ea5a7a-d7f0-11ef-a75a-0275dc2ded29,1,f9f0dce9-ad56-49a7-a013-017a510f5c58,5b9d5bc8-87f4-43d5-be8d-492720d16fd9,uploadedfiles/Biolk_XRF__003.txt,5635b295-ccf5-45e0-8413-a904b2c5fefd,"[{""url"": ""/files/5b9d5bc8-87f4-43d5-be8d-492720d16fd9"", ""name"": ""Biolk_XRF__003.txt"", ""path"": ""uploadedfiles/Biolk_XRF__003.txt"", ""size"": null, ""type"": ""text/plain"", ""index"": 0, ""status"": ""uploaded"", ""content"": null, ""file_id"": ""5b9d5bc8-87f4-43d5-be8d-492720d16fd9"", ""accepted"": true, ""lastModified"": 1789172520}]",f9f0dce9-ad56-49a7-a013-017a510f5c58,e2163122-7178-47c7-9f37-6c67c2d5f7e9,"{""en"": {""value"": ""dark red area: Major Ca, Ti  Minor Fe, K trace S, Ni, Sr"", ""direction"": ""ltr""}}","[{""uri"": ""http://localhost:8000/plugins/controlled-list-manager/item/2ddfe0e3-e6de-4d0c-a521-389cbeb24955"", ""labels"": [{""id"": ""cd9185de-b3cf-4cdb-9aea-370f5e7b5b8c"", ""value"": ""interpretation"", ""language_id"": ""en"", ""list_item_id"": ""1601a9d9-1bd9-41e4-906b-1db5d5f30767"", ""valuetype_id"": ""prefLabel""}], ""list_id"": ""1adae7ea-4884-432f-af44-c9aea3a48a3d""}]","[{""uri"": ""http://vocab.getty.edu/aat/300388277"", ""labels"": [{""id"": ""bf59ca74-9146-4b2e-8ba7-3d7c30791491"", ""value"": ""English (language)"", ""language_id"": ""en"", ""list_item_id"": ""38729dbe-6d1c-48ce-bf47-e2a18945600e"", ""valuetype_id"": ""prefLabel""}], ""list_id"": ""f7fc4f6d-fd46-4881-846f-4a08bc1a3fef""}]",f9f0dce9-ad56-49a7-a013-017a510f5c58
c4677cb7-f7a8-4186-bf30-aad543b9d316,8713965e-d860-11ef-98f5-0275dc2ded29,a4ea5a7a-d7f0-11ef-a75a-0275dc2ded29,1,f9f0dce9-ad56-49a7-a013-017a510f5c58,9ef5f363-e1e9-431e-b8f1-9a99352ffd89,uploadedfiles/biolk_sA2_50x_spot2.txt,01d826f1-3982-4bef-bc46-aef8067b2388,"[{""url"": ""/files/9ef5f363-e1e9-431e-b8f1-9a99352ffd89"", ""name"": ""biolk_sA2_50x_spot2.txt"", ""path"": ""uploadedfiles/biolk_sA2_50x_spot2.txt"", ""size"": null, ""type"": ""text/plain"", ""index"": 0, ""status"": ""uploaded"", ""content"": null, ""file_id"": ""9ef5f363-e1e9-431e-b8f1-9a99352ffd89"", ""accepted"": true, ""lastModified"": 1789172520}]",f9f0dce9-ad56-49a7-a013-017a510f5c58,6d88803e-f42e-4099-86a6-78ae08837c49,"{""en"": {""value"": ""Barium yellow"", ""direction"": ""ltr""}}","[{""uri"": ""http://localhost:8000/plugins/controlled-list-manager/item/2ddfe0e3-e6de-4d0c-a521-389cbeb24955"", ""labels"": [{""id"": ""cd9185de-b3cf-4cdb-9aea-370f5e7b5b8c"", ""value"": ""interpretation"", ""language_id"": ""en"", ""list_item_id"": ""1601a9d9-1bd9-41e4-906b-1db5d5f30767"", ""valuetype_id"": ""prefLabel""}], ""list_id"": ""1adae7ea-4884-432f-af44-c9aea3a48a3d""}]","[{""uri"": ""http://vocab.getty.edu/aat/300388277"", ""labels"": [{""id"": ""bf59ca74-9146-4b2e-8ba7-3d7c30791491"", ""value"": ""English (language)"", ""language_id"": ""en"", ""list_item_id"": ""38729dbe-6d1c-48ce-bf47-e2a18945600e"", ""valuetype_id"": ""prefLabel""}], ""list_id"": ""f7fc4f6d-fd46-4881-846f-4a08bc1a3fef""}]",f9f0dce9-ad56-49a7-a013-017a510f5c58
c4677cb7-f7a8-4186-bf30-aad543b9d316,8713965e-d860-11ef-98f5-0275dc2ded29,a4ea5a7a-d7f0-11ef-a75a-0275dc2ded29,1,f9f0dce9-ad56-49a7-a013-017a510f5c58,9ef5f363-e1e9-431e-b8f1-9a99352ffd89,uploadedfiles/biolk_sA2_50x_spot2.txt,01d826f1-3982-4bef-bc46-aef8067b2388,"[{""url"": ""/files/9ef5f363-e1e9-431e-b8f1-9a99352ffd89"", ""name"": ""biolk_sA2_50x_spot2.txt"", ""path"": ""uploadedfiles/biolk_sA2_50x_spot2.txt"", ""size"": null, ""type"": ""text/plain"", ""index"": 0, ""status"": ""uploaded"", ""content"": null, ""file_id"": ""9ef5f363-e1e9-431e-b8f1-9a99352ffd89"", ""accepted"": true, ""lastModified"": 1789172520}]",f9f0dce9-ad56-49a7-a013-017a510f5c58,6a9f7a49-706c-46a5-b497-d5cbc7d4ac87,"{""en"": {""value"": ""50xL, low gain, white area"", ""direction"": ""ltr""}}","[{""uri"": ""http://localhost:8000/plugins/controlled-list-manager/item/b2f45594-6c10-49d7-a4b7-24e5ca839838"", ""labels"": [{""id"": ""ee1539ec-cdce-444b-a7bd-539f6c26567a"", ""value"": ""brief text"", ""language_id"": ""en"", ""list_item_id"": ""52946693-29d9-4292-a223-b20465e187ea"", ""valuetype_id"": ""prefLabel""}], ""list_id"": ""1adae7ea-4884-432f-af44-c9aea3a48a3d""}]","[{""uri"": ""http://vocab.getty.edu/aat/300388277"", ""labels"": [{""id"": ""bf59ca74-9146-4b2e-8ba7-3d7c30791491"", ""value"": ""English (language)"", ""language_id"": ""en"", ""list_item_id"": ""38729dbe-6d1c-48ce-bf47-e2a18945600e"", ""valuetype_id"": ""prefLabel""}], ""list_id"": ""f7fc4f6d-fd46-4881-846f-4a08bc1a3fef""}]",f9f0dce9-ad56-49a7-a013-017a510f5c58
cd01f397-1a5e-4a26-bec1-66d66fc482d6,8713965e-d860-11ef-98f5-0275dc2ded29,a4ea5a7a-d7f0-11ef-a75a-0275dc2ded29,1,f9f0dce9-ad56-49a7-a013-017a510f5c58,a88f5b03-4ae4-443d-ae45-2269e268a738,uploadedfiles/Biolk_XRF__002.txt,b8983864-2bf4-4837-b64f-47db0bc3e246,"[{""url"": ""/files/a88f5b03-4ae4-443d-ae45-2269e268a738"", ""name"": ""Biolk_XRF__002.txt"", ""path"": ""uploadedfiles/Biolk_XRF__002.txt"", ""size"": null, ""type"": ""text/plain"", ""index"": 0, ""status"": ""uploaded"", ""content"": null, ""file_id"": ""a88f5b03-4ae4-443d-ae45-2269e268a738"", ""accepted"": true, ""lastModified"": 1789172520}]",f9f0dce9-ad56-49a7-a013-017a510f5c58,727db998-3816-432c-a9ab-f78fbd4cba35,"{""en"": {""value"": ""golden yellow spot: Major Ca, Ti Fe; trace S, Ni, Cu, Sr;"", ""direction"": ""ltr""}}","[{""uri"": ""http://localhost:8000/plugins/controlled-list-manager/item/2ddfe0e3-e6de-4d0c-a521-389cbeb24955"", ""labels"": [{""id"": ""cd9185de-b3cf-4cdb-9aea-370f5e7b5b8c"", ""value"": ""interpretation"", ""language_id"": ""en"", ""list_item_id"": ""1601a9d9-1bd9-41e4-906b-1db5d5f30767"", ""valuetype_id"": ""prefLabel""}], ""list_id"": ""1adae7ea-4884-432f-af44-c9aea3a48a3d""}]","[{""uri"": ""http://vocab.getty.edu/aat/300388277"", ""labels"": [{""id"": ""bf59ca74-9146-4b2e-8ba7-3d7c30791491"", ""value"": ""English (language)"", ""language_id"": ""en"", ""list_item_id"": ""38729dbe-6d1c-48ce-bf47-e2a18945600e"", ""valuetype_id"": ""prefLabel""}], ""list_id"": ""f7fc4f6d-fd46-4881-846f-4a08bc1a3fef""}]",f9f0dce9-ad56-49a7-a013-017a510f5c58
d9c0434a-e70f-4760-ad26-b5137f1b3576,8713965e-d860-11ef-98f5-0275dc2ded29,a4ea5a7a-d7f0-11ef-a75a-0275dc2ded29,1,f9f0dce9-ad56-49a7-a013-017a510f5c58,af157539-4908-460c-9f76-099fc56cf3b7,uploadedfiles/biolk_sC_100x_spot2.txt,b6e77831-6d86-42f1-8118-4aa46504d0cc,"[{""url"": ""/files/af157539-4908-460c-9f76-099fc56cf3b7"", ""name"": ""biolk_sC_100x_spot2.txt"", ""path"": ""uploadedfiles/biolk_sC_100x_spot2.txt"", ""size"": null, ""type"": ""text/plain"", ""index"": 0, ""status"": ""uploaded"", ""content"": null, ""file_id"": ""af157539-4908-460c-9f76-099fc56cf3b7"", ""accepted"": true, ""lastModified"": 1789172520}]",f9f0dce9-ad56-49a7-a013-017a510f5c58,20c4699c-7078-4c75-9348-e70d1fe333cc,"{""en"": {""value"": ""100xL, low gain, dark area, very high fluorescence"", ""direction"": ""ltr""}}","[{""uri"": ""http://localhost:8000/plugins/controlled-list-manager/item/b2f45594-6c10-49d7-a4b7-24e5ca839838"", ""labels"": [{""id"": ""ee1539ec-cdce-444b-a7bd-539f6c26567a"", ""value"": ""brief text"", ""language_id"": ""en"", ""list_item_id"": ""52946693-29d9-4292-a223-b20465e187ea"", ""valuetype_id"": ""prefLabel""}], ""list_id"": ""1adae7ea-4884-432f-af44-c9aea3a48a3d""}]","[{""uri"": ""http://vocab.getty.edu/aat/300388277"", ""labels"": [{""id"": ""bf59ca74-9146-4b2e-8ba7-3d7c30791491"", ""value"": ""English (language)"", ""language_id"": ""en"", ""list_item_id"": ""38729dbe-6d1c-48ce-bf47-e2a18945600e"", ""valuetype_id"": ""prefLabel""}], ""list_id"": ""f7fc4f6d-fd46-4881-846f-4a08bc1a3fef""}]",f9f0dce9-ad56-49a7-a013-017a510f5c58
d9c0434a-e70f-4760-ad26-b5137f1b3576,8713965e-d860-11ef-98f5-0275dc2ded29,a4ea5a7a-d7f0-11ef-a75a-0275dc2ded29,1,f9f0dce9-ad56-49a7-a013-017a510f5c58,af157539-4908-460c-9f76-099fc56cf3b7,uploadedfiles/biolk_sC_100x_spot2.txt,b6e77831-6d86-42f1-8118-4aa46504d0cc,"[{""url"": ""/files/af157539-4908-460c-9f76-099fc56cf3b7"", ""name"": ""biolk_sC_100x_spot2.txt"", ""path"": ""uploadedfiles/biolk_sC_100x_spot2.txt"", ""size"": null, ""type"": ""text/plain"", ""index"": 0, ""status"": ""uploaded"", ""content"": null, ""file_id"": ""af157539-4908-460c-9f76-099fc56cf3b7"", ""accepted"": true, ""lastModified"": 1789172520}]",f9f0dce9-ad56-49a7-a013-017a510f5c58,d4eefd92-05c9-4b5c-8d67-18ee283edc0b,"{""en"": {""value"": ""indigo"", ""direction"": ""ltr""}}","[{""uri"": ""http://localhost:8000/plugins/controlled-list-manager/item/2ddfe0e3-e6de-4d0c-a521-389cbeb24955"", ""labels"": [{""id"": ""cd9185de-b3cf-4cdb-9aea-370f5e7b5b8c"", ""value"": ""interpretation"", ""language_id"": ""en"", ""list_item_id"": ""1601a9d9-1bd9-41e4-906b-1db5d5f30767"", ""valuetype_id"": ""prefLabel""}], ""list_id"": ""1adae7ea-4884-432f-af44-c9aea3a48a3d""}]","[{""uri"": ""http://vocab.getty.edu/aat/300388277"", ""labels"": [{""id"": ""bf59ca74-9146-4b2e-8ba7-3d7c30791491"", ""value"": ""English (language)"", ""language_id"": ""en"", ""list_item_id"": ""38729dbe-6d1c-48ce-bf47-e2a18945600e"", ""valuetype_id"": ""prefLabel""}], ""list_id"": ""f7fc4f6d-fd46-4881-846f-4a08bc1a3fef""}]",f9f0dce9-ad56-49a7-a013-017a510f5c58
db7a234e-14a9-4c9a-928e-9ef3be493ab4,8713965e-d860-11ef-98f5-0275dc2ded29,a4ea5a7a-d7f0-11ef-a75a-0275dc2ded29,1,f9f0dce9-ad56-49a7-a013-017a510f5c58,75dba810-82d0-4349-b9f2-c0073c974852,uploadedfiles/Biolk_XRF__008.txt,68c33775-b96c-4b96-b70a-da1d5f9ee272,"[{""url"": ""/files/75dba810-82d0-4349-b9f2-c0073c974852"", ""name"": ""Biolk_XRF__008.txt"", ""path"": ""uploadedfiles/Biolk_XRF__008.txt"", ""size"": null, ""type"": ""text/plain"", ""index"": 0, ""status"": ""uploaded"", ""content"": null, ""file_id"": ""75dba810-82d0-4349-b9f2-c0073c974852"", ""accepted"": true, ""lastModified"": 1789172520}]",f9f0dce9-ad56-49a7-a013-017a510f5c58,03c62a11-2a8a-45a4-982f-137896afa6d6,"{""en"": {""value"": ""bare canvas:  Major Ca, Ti; Minor Fe; trace K"", ""direction"": ""ltr""}}","[{""uri"": ""http://localhost:8000/plugins/controlled-list-manager/item/2ddfe0e3-e6de-4d0c-a521-389cbeb24955"", ""labels"": [{""id"": ""cd9185de-b3cf-4cdb-9aea-370f5e7b5b8c"", ""value"": ""interpretation"", ""language_id"": ""en"", ""list_item_id"": ""1601a9d9-1bd9-41e4-906b-1db5d5f30767"", ""valuetype_id"": ""prefLabel""}], ""list_id"": ""1adae7ea-4884-432f-af44-c9aea3a48a3d""}]","[{""uri"": ""http://vocab.getty.edu/aat/300388277"", ""labels"": [{""id"": ""bf59ca74-9146-4b2e-8ba7-3d7c30791491"", ""value"": ""English (language)"", ""language_id"": ""en"", ""list_item_id"": ""38729dbe-6d1c-48ce-bf47-e2a18945600e"", ""valuetype_id"": ""prefLabel""}], ""list_id"": ""f7fc4f6d-fd46-4881-846f-4a08bc1a3fef""}]",f9f0dce9-ad56-49a7-a013-017a510f5c58
f04a3ee9-855c-4f09-8814-00dab1925a1b,8713965e-d860-11ef-98f5-0275dc2ded29,a4ea5a7a-d7f0-11ef-a75a-0275dc2ded29,1,f9f0dce9-ad56-49a7-a013-017a510f5c58,37d8bc63-dd9c-4bf6-90cd-41e947532537,uploadedfiles/Biolk_XRF__001.txt,b10017a3-0b83-49ee-aee2-959d2aff7c62,"[{""url"": ""/files/37d8bc63-dd9c-4bf6-90cd-41e947532537"", ""name"": ""Biolk_XRF__001.txt"", ""path"": ""uploadedfiles/Biolk_XRF__001.txt"", ""size"": null, ""type"": ""text/plain"", ""index"": 0, ""status"": ""uploaded"", ""content"": null, ""file_id"": ""37d8bc63-dd9c-4bf6-90cd-41e947532537"", ""accepted"": true, ""lastModified"": 1789172520}]",f9f0dce9-ad56-49a7-a013-017a510f5c58,924a4859-a90b-4bec-801e-7b1b77d53629,"{""en"": {""value"": ""black, green area: Major Ti, Ti, Fe; Minor Ba, Sr; trace Ni, Cu"", ""direction"": ""ltr""}}","[{""uri"": ""http://localhost:8000/plugins/controlled-list-manager/item/2ddfe0e3-e6de-4d0c-a521-389cbeb24955"", ""labels"": [{""id"": ""cd9185de-b3cf-4cdb-9aea-370f5e7b5b8c"", ""value"": ""interpretation"", ""language_id"": ""en"", ""list_item_id"": ""1601a9d9-1bd9-41e4-906b-1db5d5f30767"", ""valuetype_id"": ""prefLabel""}], ""list_id"": ""1adae7ea-4884-432f-af44-c9aea3a48a3d""}]","[{""uri"": ""http://vocab.getty.edu/aat/300388277"", ""labels"": [{""id"": ""bf59ca74-9146-4b2e-8ba7-3d7c30791491"", ""value"": ""English (language)"", ""language_id"": ""en"", ""list_item_id"": ""38729dbe-6d1c-48ce-bf47-e2a18945600e"", ""valuetype_id"": ""prefLabel""}], ""list_id"": ""f7fc4f6d-fd46-4881-846f-4a08bc1a3fef""}]",f9f0dce9-ad56-49a7-a013-017a510f5c58
f43fd007-ca58-4c5d-9981-2a7f7f9a8a12,8713965e-d860-11ef-98f5-0275dc2ded29,a4ea5a7a-d7f0-11ef-a75a-0275dc2ded29,1,f9f0dce9-ad56-49a7-a013-017a510f5c58,22dfd757-4142-49a8-ba15-383370bbb85e,uploadedfiles/Biolk_XRF__006.txt,c63c6f3f-93b8-4710-b0fc-59af35fa835d,"[{""url"": ""/files/22dfd757-4142-49a8-ba15-383370bbb85e"", ""name"": ""Biolk_XRF__006.txt"", ""path"": ""uploadedfiles/Biolk_XRF__006.txt"", ""size"": null, ""type"": ""text/plain"", ""index"": 0, ""status"": ""uploaded"", ""content"": null, ""file_id"": ""22dfd757-4142-49a8-ba15-383370bbb85e"", ""accepted"": true, ""lastModified"": 1789172520}]",f9f0dce9-ad56-49a7-a013-017a510f5c58,b568a73f-2915-4038-8ad8-e63047683406,"{""en"": {""value"": ""green spot: Major Ni, Ti, Co, Zn; Minor --; trace Ca, Sr, S, Nd?, Pr?"", ""direction"": ""ltr""}}","[{""uri"": ""http://localhost:8000/plugins/controlled-list-manager/item/2ddfe0e3-e6de-4d0c-a521-389cbeb24955"", ""labels"": [{""id"": ""cd9185de-b3cf-4cdb-9aea-370f5e7b5b8c"", ""value"": ""interpretation"", ""language_id"": ""en"", ""list_item_id"": ""1601a9d9-1bd9-41e4-906b-1db5d5f30767"", ""valuetype_id"": ""prefLabel""}], ""list_id"": ""1adae7ea-4884-432f-af44-c9aea3a48a3d""}]","[{""uri"": ""http://vocab.getty.edu/aat/300388277"", ""labels"": [{""id"": ""bf59ca74-9146-4b2e-8ba7-3d7c30791491"", ""value"": ""English (language)"", ""language_id"": ""en"", ""list_item_id"": ""38729dbe-6d1c-48ce-bf47-e2a18945600e"", ""valuetype_id"": ""prefLabel""}], ""list_id"": ""f7fc4f6d-fd46-4881-846f-4a08bc1a3fef""}]",f9f0dce9-ad56-49a7-a013-017a510f5c58
f58f23da-3d10-488d-867e-e844aecec68b,8713965e-d860-11ef-98f5-0275dc2ded29,a4ea5a7a-d7f0-11ef-a75a-0275dc2ded29,1,f9f0dce9-ad56-49a7-a013-017a510f5c58,a1d5ce40-7cb4-452c-afa6-4796cd795302,uploadedfiles/Biolk_XRF__005.txt,c76060c1-0904-4fe4-a3af-77d4254a1727,"[{""url"": ""/files/a1d5ce40-7cb4-452c-afa6-4796cd795302"", ""name"": ""Biolk_XRF__005.txt"", ""path"": ""uploadedfiles/Biolk_XRF__005.txt"", ""size"": null, ""type"": ""text/plain"", ""index"": 0, ""status"": ""uploaded"", ""content"": null, ""file_id"": ""a1d5ce40-7cb4-452c-afa6-4796cd795302"", ""accepted"": true, ""lastModified"": 1789172520}]",f9f0dce9-ad56-49a7-a013-017a510f5c58,4d83284d-aa82-4338-b2ce-f3c406c9e2a2,"{""en"": {""value"": ""yellow area: Major Ca, Ti, Cr, Pb; Minor Fe; trace Sr"", ""direction"": ""ltr""}}","[{""uri"": ""http://localhost:8000/plugins/controlled-list-manager/item/2ddfe0e3-e6de-4d0c-a521-389cbeb24955"", ""labels"": [{""id"": ""cd9185de-b3cf-4cdb-9aea-370f5e7b5b8c"", ""value"": ""interpretation"", ""language_id"": ""en"", ""list_item_id"": ""1601a9d9-1bd9-41e4-906b-1db5d5f30767"", ""valuetype_id"": ""prefLabel""}], ""list_id"": ""1adae7ea-4884-432f-af44-c9aea3a48a3d""}]","[{""uri"": ""http://vocab.getty.edu/aat/300388277"", ""labels"": [{""id"": ""bf59ca74-9146-4b2e-8ba7-3d7c30791491"", ""value"": ""English (language)"", ""language_id"": ""en"", ""list_item_id"": ""38729dbe-6d1c-48ce-bf47-e2a18945600e"", ""valuetype_id"": ""prefLabel""}], ""list_id"": ""f7fc4f6d-fd46-4881-846f-4a08bc1a3fef""}]",f9f0dce9-ad56-49a7-a013-017a510f5c58
