resourceinstanceid,graphid,graphpublicationid,principaluser_id,transactionid,sql_file_id,sql_file_path,file_tileid,file_file,file_transactionid
12e2fd03-b7b5-4096-9df9-99a369a5f946,8713965e-d860-11ef-98f5-0275dc2ded29,a4ea5a7a-d7f0-11ef-a75a-0275dc2ded29,1,f9f0dce9-ad56-49a7-a013-017a510f5c58,b457ba6f-98ea-488f-90d9-69263c5f16fb,uploadedfiles/TSR_FORS_biolk_00003.asd.sco.abs.dx,9263edab-574b-401c-a133-ac6a6f053668,"[{""url"": ""/files/b457ba6f-98ea-488f-90d9-69263c5f16fb"", ""name"": ""TSR_FORS_biolk_00003.asd.sco.abs.dx"", ""path"": ""uploadedfiles/TSR_FORS_biolk_00003.asd.sco.abs.dx"", ""size"": null, ""type"": null, ""index"": 0, ""status"": ""uploaded"", ""content"": null, ""file_id"": ""b457ba6f-98ea-488f-90d9-69263c5f16fb"", ""accepted"": true, ""lastModified"": 1789422648}]",f9f0dce9-ad56-49a7-a013-017a510f5c58
199e8923-c314-46ab-8e89-c0d07a08bf81,8713965e-d860-11ef-98f5-0275dc2ded29,a4ea5a7a-d7f0-11ef-a75a-0275dc2ded29,1,f9f0dce9-ad56-49a7-a013-017a510f5c58,aeb2f3e0-72fe-486c-8b87-be52dc1135d9,uploadedfiles/biolk_sC_100x_spot3.dx,1b4d8b18-142f-4844-a68d-0435a5ab0ddf,"[{""url"": ""/files/aeb2f3e0-72fe-486c-8b87-be52dc1135d9"", ""name"": ""biolk_sC_100x_spot3.dx"", ""path"": ""uploadedfiles/biolk_sC_100x_spot3.dx"", ""size"": null, ""type"": null, ""index"": 0, ""status"": ""uploaded"", ""content"": null, ""file_id"": ""aeb2f3e0-72fe-486c-8b87-be52dc1135d9"", ""accepted"": true, ""lastModified"": 1789422648}]",f9f0dce9-ad56-49a7-a013-017a510f5c58
199e8923-c314-46ab-8e89-c0d07a08bf81,8713965e-d860-11ef-98f5-0275dc2ded29,a4ea5a7a-d7f0-11ef-a75a-0275dc2ded29,1,f9f0dce9-ad56-49a7-a013-017a510f5c58,62c68a62-4d3f-45fc-99eb-c69ff6ba31d1,uploadedfiles/biolk_sC_100x_spot3.wxd,ae3b0e8a-60d9-4902-a8b2-5e78a4daca2b,"[{""url"": ""/files/62c68a62-4d3f-45fc-99eb-c69ff6ba31d1"", ""name"": ""biolk_sC_100x_spot3.wxd"", ""path"": ""uploadedfiles/biolk_sC_100x_spot3.wxd"", ""size"": null, ""type"": null, ""index"": 0, ""status"": ""uploaded"", ""content"": null, ""file_id"": ""62c68a62-4d3f-45fc-99eb-c69ff6ba31d1"", ""accepted"": true, ""lastModified"": 1789422648}]",f9f0dce9-ad56-49a7-a013-017a510f5c58
199e8923-c314-46ab-8e89-c0d07a08bf81,8713965e-d860-11ef-98f5-0275dc2ded29,a4ea5a7a-d7f0-11ef-a75a-0275dc2ded29,1,f9f0dce9-ad56-49a7-a013-017a510f5c58,09452bc1-c53d-4c01-93a7-cf838c762e9f,uploadedfiles/biolk_sC_100x_spot3.txt,607886fc-2d4d-429f-ab42-ac74b05e4abb,"[{""url"": ""/files/09452bc1-c53d-4c01-93a7-cf838c762e9f"", ""name"": ""biolk_sC_100x_spot3.txt"", ""path"": ""uploadedfiles/biolk_sC_100x_spot3.txt"", ""size"": null, ""type"": null, ""index"": 0, ""status"": ""uploaded"", ""content"": null, ""file_id"": ""09452bc1-c53d-4c01-93a7-cf838c762e9f"", ""accepted"": true, ""lastModified"": 1789422648}]",f9f0dce9-ad56-49a7-a013-017a510f5c58
1dec1dcc-f336-4ff3-a82d-9ea5dffc66a9,8713965e-d860-11ef-98f5-0275dc2ded29,a4ea5a7a-d7f0-11ef-a75a-0275dc2ded29,1,f9f0dce9-ad56-49a7-a013-017a510f5c58,009fbff5-890d-4a7f-acd1-aa2764d5cf2f,uploadedfiles/biolk_sC_100x_spot1.wxd,1c570289-83cb-4b34-9eef-0b5454fb7efa,"[{""url"": ""/files/009fbff5-890d-4a7f-acd1-aa2764d5cf2f"", ""name"": ""biolk_sC_100x_spot1.wxd"", ""path"": ""uploadedfiles/biolk_sC_100x_spot1.wxd"", ""size"": null, ""type"": null, ""index"": 0, ""status"": ""uploaded"", ""content"": null, ""file_id"": ""009fbff5-890d-4a7f-acd1-aa2764d5cf2f"", ""accepted"": true, ""lastModified"": 1789422648}]",f9f0dce9-ad56-49a7-a013-017a510f5c58
1dec1dcc-f336-4ff3-a82d-9ea5dffc66a9,8713965e-d860-11ef-98f5-0275dc2ded29,a4ea5a7a-d7f0-11ef-a75a-0275dc2ded29,1,f9f0dce9-ad56-49a7-a013-017a510f5c58,0e04427c-6a89-45fe-bd6c-ac8926263b4e,uploadedfiles/biolk_sC_100x_spot1.txt,51ec6d12-839d-4edc-9ae3-8edf23fdaf8a,"[{""url"": ""/files/0e04427c-6a89-45fe-bd6c-ac8926263b4e"", ""name"": ""biolk_sC_100x_spot1.txt"", ""path"": ""uploadedfiles/biolk_sC_100x_spot1.txt"", ""size"": null, ""type"": null, ""index"": 0, ""status"": ""uploaded"", ""content"": null, ""file_id"": ""0e04427c-6a89-45fe-bd6c-ac8926263b4e"", ""accepted"": true, ""lastModified"": 1789422648}]",f9f0dce9-ad56-49a7-a013-017a510f5c58
1dec1dcc-f336-4ff3-a82d-9ea5dffc66a9,8713965e-d860-11ef-98f5-0275dc2ded29,a4ea5a7a-d7f0-11ef-a75a-0275dc2ded29,1,f9f0dce9-ad56-49a7-a013-017a510f5c58,6c4808b3-edab-44b5-96eb-f7512006153a,uploadedfiles/biolk_sC_100x_spot1.dx,a03f4a8e-4d5f-4898-8df7-9d32ea106e82,"[{""url"": ""/files/6c4808b3-edab-44b5-96eb-f7512006153a"", ""name"": ""biolk_sC_100x_spot1.dx"", ""path"": ""uploadedfiles/biolk_sC_100x_spot1.dx"", ""size"": null, ""type"": null, ""index"": 0, ""status"": ""uploaded"", ""content"": null, ""file_id"": ""6c4808b3-edab-44b5-96eb-f7512006153a"", ""accepted"": true, ""lastModified"": 1789422648}]",f9f0dce9-ad56-49a7-a013-017a510f5c58
225ce57b-6c0b-4eb4-8894-51debad23c15,8713965e-d860-11ef-98f5-0275dc2ded29,a4ea5a7a-d7f0-11ef-a75a-0275dc2ded29,1,f9f0dce9-ad56-49a7-a013-017a510f5c58,f229c70f-a3d2-4ea0-b398-060102faa3e8,uploadedfiles/TSR_FORS_biolk_00007.asd.sco.abs.dx,c5d6f130-5c91-432a-acb9-8863038702c7,"[{""url"": ""/files/f229c70f-a3d2-4ea0-b398-060102faa3e8"", ""name"": ""TSR_FORS_biolk_00007.asd.sco.abs.dx"", ""path"": ""uploadedfiles/TSR_FORS_biolk_00007.asd.sco.abs.dx"", ""size"": null, ""type"": null, ""index"": 0, ""status"": ""uploaded"", ""content"": null, ""file_id"": ""f229c70f-a3d2-4ea0-b398-060102faa3e8"", ""accepted"": true, ""lastModified"": 1789422648}]",f9f0dce9-ad56-49a7-a013-017a510f5c58
4ec84f54-c27f-4880-8339-146eb381363b,8713965e-d860-11ef-98f5-0275dc2ded29,a4ea5a7a-d7f0-11ef-a75a-0275dc2ded29,1,f9f0dce9-ad56-49a7-a013-017a510f5c58,687e536f-9ea8-4b9f-9fd9-e8f9ec8ea35f,uploadedfiles/biolk_sC_100x_spot4.wxd,c8ed49a7-cb11-4ec6-988e-7b30b2fe8e35,"[{""url"": ""/files/687e536f-9ea8-4b9f-9fd9-e8f9ec8ea35f"", ""name"": ""biolk_sC_100x_spot4.wxd"", ""path"": ""uploadedfiles/biolk_sC_100x_spot4.wxd"", ""size"": null, ""type"": null, ""index"": 0, ""status"": ""uploaded"", ""content"": null, ""file_id"": ""687e536f-9ea8-4b9f-9fd9-e8f9ec8ea35f"", ""accepted"": true, ""lastModified"": 1789422648}]",f9f0dce9-ad56-49a7-a013-017a510f5c58
4ec84f54-c27f-4880-8339-146eb381363b,8713965e-d860-11ef-98f5-0275dc2ded29,a4ea5a7a-d7f0-11ef-a75a-0275dc2ded29,1,f9f0dce9-ad56-49a7-a013-017a510f5c58,a38326d2-3980-40c1-a34a-c20931def52e,uploadedfiles/biolk_sC_100x_spot4.txt,fcabe2cf-7d57-489f-9891-838d7664e162,"[{""url"": ""/files/a38326d2-3980-40c1-a34a-c20931def52e"", ""name"": ""biolk_sC_100x_spot4.txt"", ""path"": ""uploadedfiles/biolk_sC_100x_spot4.txt"", ""size"": null, ""type"": null, ""index"": 0, ""status"": ""uploaded"", ""content"": null, ""file_id"": ""a38326d2-3980-40c1-a34a-c20931def52e"", ""accepted"": true, ""lastModified"": 1789422648}]",f9f0dce9-ad56-49a7-a013-017a510f5c58
4ec84f54-c27f-4880-8339-146eb381363b,8713965e-d860-11ef-98f5-0275dc2ded29,a4ea5a7a-d7f0-11ef-a75a-0275dc2ded29,1,f9f0dce9-ad56-49a7-a013-017a510f5c58,c34a0b2b-3cd4-4c85-aa4f-1819ab2f71a6,uploadedfiles/biolk_sC_100x_spot4.dx,822f51bc-a9e1-4f04-b8a1-222303a3ecaa,"[{""url"": ""/files/c34a0b2b-3cd4-4c85-aa4f-1819ab2f71a6"", ""name"": ""biolk_sC_100x_spot4.dx"", ""path"": ""uploadedfiles/biolk_sC_100x_spot4.dx"", ""size"": null, ""type"": null, ""index"": 0, ""status"": ""uploaded"", ""content"": null, ""file_id"": ""c34a0b2b-3cd4-4c85-aa4f-1819ab2f71a6"", ""accepted"": true, ""lastModified"": 1789422648}]",f9f0dce9-ad56-49a7-a013-017a510f5c58
55e29584-b631-4dd2-a8dc-60ad4fcf4bd9,8713965e-d860-11ef-98f5-0275dc2ded29,a4ea5a7a-d7f0-11ef-a75a-0275dc2ded29,1,f9f0dce9-ad56-49a7-a013-017a510f5c58,6dbf2393-3721-4c89-9136-03ff7d035e0e,uploadedfiles/biolk_sA2_20x_spot1.dx,c56372b4-2977-476f-a7ed-7256cb17a300,"[{""url"": ""/files/6dbf2393-3721-4c89-9136-03ff7d035e0e"", ""name"": ""biolk_sA2_20x_spot1.dx"", ""path"": ""uploadedfiles/biolk_sA2_20x_spot1.dx"", ""size"": null, ""type"": null, ""index"": 0, ""status"": ""uploaded"", ""content"": null, ""file_id"": ""6dbf2393-3721-4c89-9136-03ff7d035e0e"", ""accepted"": true, ""lastModified"": 1789422648}]",f9f0dce9-ad56-49a7-a013-017a510f5c58
55e29584-b631-4dd2-a8dc-60ad4fcf4bd9,8713965e-d860-11ef-98f5-0275dc2ded29,a4ea5a7a-d7f0-11ef-a75a-0275dc2ded29,1,f9f0dce9-ad56-49a7-a013-017a510f5c58,6150f5d5-0c88-4376-9757-292e6efcde9b,uploadedfiles/biolk_sA2_50x_spot1.txt,3dc32fa6-491b-460a-9123-190e0edb35fd,"[{""url"": ""/files/6150f5d5-0c88-4376-9757-292e6efcde9b"", ""name"": ""biolk_sA2_50x_spot1.txt"", ""path"": ""uploadedfiles/biolk_sA2_50x_spot1.txt"", ""size"": null, ""type"": null, ""index"": 0, ""status"": ""uploaded"", ""content"": null, ""file_id"": ""6150f5d5-0c88-4376-9757-292e6efcde9b"", ""accepted"": true, ""lastModified"": 1789422648}]",f9f0dce9-ad56-49a7-a013-017a510f5c58
55e29584-b631-4dd2-a8dc-60ad4fcf4bd9,8713965e-d860-11ef-98f5-0275dc2ded29,a4ea5a7a-d7f0-11ef-a75a-0275dc2ded29,1,f9f0dce9-ad56-49a7-a013-017a510f5c58,3e1b0909-651e-4444-8285-d47a8e2e271a,uploadedfiles/biolk_sA2_20x_spot1.txt,20e43b1a-df63-4cf9-8e26-628cbe849aad,"[{""url"": ""/files/3e1b0909-651e-4444-8285-d47a8e2e271a"", ""name"": ""biolk_sA2_20x_spot1.txt"", ""path"": ""uploadedfiles/biolk_sA2_20x_spot1.txt"", ""size"": null, ""type"": null, ""index"": 0, ""status"": ""uploaded"", ""content"": null, ""file_id"": ""3e1b0909-651e-4444-8285-d47a8e2e271a"", ""accepted"": true, ""lastModified"": 1789422648}]",f9f0dce9-ad56-49a7-a013-017a510f5c58
55e29584-b631-4dd2-a8dc-60ad4fcf4bd9,8713965e-d860-11ef-98f5-0275dc2ded29,a4ea5a7a-d7f0-11ef-a75a-0275dc2ded29,1,f9f0dce9-ad56-49a7-a013-017a510f5c58,65ababbc-d014-40a6-85ab-e31c227cdf70,uploadedfiles/biolk_sA2_50x_spot1.dx,ecab1962-c5e7-45f4-be55-9e10ec906ce7,"[{""url"": ""/files/65ababbc-d014-40a6-85ab-e31c227cdf70"", ""name"": ""biolk_sA2_50x_spot1.dx"", ""path"": ""uploadedfiles/biolk_sA2_50x_spot1.dx"", ""size"": null, ""type"": null, ""index"": 0, ""status"": ""uploaded"", ""content"": null, ""file_id"": ""65ababbc-d014-40a6-85ab-e31c227cdf70"", ""accepted"": true, ""lastModified"": 1789422648}]",f9f0dce9-ad56-49a7-a013-017a510f5c58
55e29584-b631-4dd2-a8dc-60ad4fcf4bd9,8713965e-d860-11ef-98f5-0275dc2ded29,a4ea5a7a-d7f0-11ef-a75a-0275dc2ded29,1,f9f0dce9-ad56-49a7-a013-017a510f5c58,3f04955c-82fb-4946-a972-e4b735db4c43,uploadedfiles/biolk_sA2_50x_spot1.wxd,7ee63c69-337e-4454-9e16-4de3c7410589,"[{""url"": ""/files/3f04955c-82fb-4946-a972-e4b735db4c43"", ""name"": ""biolk_sA2_50x_spot1.wxd"", ""path"": ""uploadedfiles/biolk_sA2_50x_spot1.wxd"", ""size"": null, ""type"": null, ""index"": 0, ""status"": ""uploaded"", ""content"": null, ""file_id"": ""3f04955c-82fb-4946-a972-e4b735db4c43"", ""accepted"": true, ""lastModified"": 1789422648}]",f9f0dce9-ad56-49a7-a013-017a510f5c58
55e29584-b631-4dd2-a8dc-60ad4fcf4bd9,8713965e-d860-11ef-98f5-0275dc2ded29,a4ea5a7a-d7f0-11ef-a75a-0275dc2ded29,1,f9f0dce9-ad56-49a7-a013-017a510f5c58,37f6ac4e-c3bf-45ca-a170-746f156a9cdd,uploadedfiles/biolk_sA2_20x_spot1.wxd,808e3bca-507f-44ab-bfa7-141404ebc106,"[{""url"": ""/files/37f6ac4e-c3bf-45ca-a170-746f156a9cdd"", ""name"": ""biolk_sA2_20x_spot1.wxd"", ""path"": ""uploadedfiles/biolk_sA2_20x_spot1.wxd"", ""size"": null, ""type"": null, ""index"": 0, ""status"": ""uploaded"", ""content"": null, ""file_id"": ""37f6ac4e-c3bf-45ca-a170-746f156a9cdd"", ""accepted"": true, ""lastModified"": 1789422648}]",f9f0dce9-ad56-49a7-a013-017a510f5c58
566f96fe-87ef-4711-9ad8-3693d48277ea,8713965e-d860-11ef-98f5-0275dc2ded29,a4ea5a7a-d7f0-11ef-a75a-0275dc2ded29,1,f9f0dce9-ad56-49a7-a013-017a510f5c58,eb8f81be-dc41-47de-b1ea-c7ab5877ef29,uploadedfiles/biolk_sC_100x_spot5.txt,44100878-627d-4380-af8b-4116a6b9840b,"[{""url"": ""/files/eb8f81be-dc41-47de-b1ea-c7ab5877ef29"", ""name"": ""biolk_sC_100x_spot5.txt"", ""path"": ""uploadedfiles/biolk_sC_100x_spot5.txt"", ""size"": null, ""type"": null, ""index"": 0, ""status"": ""uploaded"", ""content"": null, ""file_id"": ""eb8f81be-dc41-47de-b1ea-c7ab5877ef29"", ""accepted"": true, ""lastModified"": 1789422648}]",f9f0dce9-ad56-49a7-a013-017a510f5c58
566f96fe-87ef-4711-9ad8-3693d48277ea,8713965e-d860-11ef-98f5-0275dc2ded29,a4ea5a7a-d7f0-11ef-a75a-0275dc2ded29,1,f9f0dce9-ad56-49a7-a013-017a510f5c58,c24ca4d2-bcb2-4c40-a20c-642be1981fd5,uploadedfiles/biolk_sC_100x_spot5.wxd,92b0bc82-1615-484b-a111-c2684b5dd7bc,"[{""url"": ""/files/c24ca4d2-bcb2-4c40-a20c-642be1981fd5"", ""name"": ""biolk_sC_100x_spot5.wxd"", ""path"": ""uploadedfiles/biolk_sC_100x_spot5.wxd"", ""size"": null, ""type"": null, ""index"": 0, ""status"": ""uploaded"", ""content"": null, ""file_id"": ""c24ca4d2-bcb2-4c40-a20c-642be1981fd5"", ""accepted"": true, ""lastModified"": 1789422648}]",f9f0dce9-ad56-49a7-a013-017a510f5c58
566f96fe-87ef-4711-9ad8-3693d48277ea,8713965e-d860-11ef-98f5-0275dc2ded29,a4ea5a7a-d7f0-11ef-a75a-0275dc2ded29,1,f9f0dce9-ad56-49a7-a013-017a510f5c58,d58d53df-c0ef-40a0-b60d-ef21361591c9,uploadedfiles/biolk_sC_100x_spot5.dx,145f9bfe-b51b-4a41-aa3b-59dbdc47a581,"[{""url"": ""/files/d58d53df-c0ef-40a0-b60d-ef21361591c9"", ""name"": ""biolk_sC_100x_spot5.dx"", ""path"": ""uploadedfiles/biolk_sC_100x_spot5.dx"", ""size"": null, ""type"": null, ""index"": 0, ""status"": ""uploaded"", ""content"": null, ""file_id"": ""d58d53df-c0ef-40a0-b60d-ef21361591c9"", ""accepted"": true, ""lastModified"": 1789422648}]",f9f0dce9-ad56-49a7-a013-017a510f5c58
5746c92f-b8ce-4a90-bf26-e8ca2429ad59,8713965e-d860-11ef-98f5-0275dc2ded29,a4ea5a7a-d7f0-11ef-a75a-0275dc2ded29,1,f9f0dce9-ad56-49a7-a013-017a510f5c58,5a36969a-3181-40c8-9cdb-0ba137bf08e6,uploadedfiles/biolk_sC_100x_spot6.dx,ee461eb8-12b5-45ee-aad6-ef2fca9da79a,"[{""url"": ""/files/5a36969a-3181-40c8-9cdb-0ba137bf08e6"", ""name"": ""biolk_sC_100x_spot6.dx"", ""path"": ""uploadedfiles/biolk_sC_100x_spot6.dx"", ""size"": null, ""type"": null, ""index"": 0, ""status"": ""uploaded"", ""content"": null, ""file_id"": ""5a36969a-3181-40c8-9cdb-0ba137bf08e6"", ""accepted"": true, ""lastModified"": 1789422648}]",f9f0dce9-ad56-49a7-a013-017a510f5c58
5746c92f-b8ce-4a90-bf26-e8ca2429ad59,8713965e-d860-11ef-98f5-0275dc2ded29,a4ea5a7a-d7f0-11ef-a75a-0275dc2ded29,1,f9f0dce9-ad56-49a7-a013-017a510f5c58,9eba1281-1db0-4623-b918-bd6862ebd3a4,uploadedfiles/biolk_sC_100x_spot6.txt,46a7764b-6741-4360-9f63-8d16e2d7acf1,"[{""url"": ""/files/9eba1281-1db0-4623-b918-bd6862ebd3a4"", ""name"": ""biolk_sC_100x_spot6.txt"", ""path"": ""uploadedfiles/biolk_sC_100x_spot6.txt"", ""size"": null, ""type"": null, ""index"": 0, ""status"": ""uploaded"", ""content"": null, ""file_id"": ""9eba1281-1db0-4623-b918-bd6862ebd3a4"", ""accepted"": true, ""lastModified"": 1789422648}]",f9f0dce9-ad56-49a7-a013-017a510f5c58
5746c92f-b8ce-4a90-bf26-e8ca2429ad59,8713965e-d860-11ef-98f5-0275dc2ded29,a4ea5a7a-d7f0-11ef-a75a-0275dc2ded29,1,f9f0dce9-ad56-49a7-a013-017a510f5c58,a75ce363-5457-4e6f-9e81-98df0fe7f92b,uploadedfiles/biolk_sC_100x_spot6.wxd,feaad888-be44-46d5-9294-8180152badbd,"[{""url"": ""/files/a75ce363-5457-4e6f-9e81-98df0fe7f92b"", ""name"": ""biolk_sC_100x_spot6.wxd"", ""path"": ""uploadedfiles/biolk_sC_100x_spot6.wxd"", ""size"": null, ""type"": null, ""index"": 0, ""status"": ""uploaded"", ""content"": null, ""file_id"": ""a75ce363-5457-4e6f-9e81-98df0fe7f92b"", ""accepted"": true, ""lastModified"": 1789422648}]",f9f0dce9-ad56-49a7-a013-017a510f5c58
5effbdb1-63af-4d23-97fe-3711972d34b4,8713965e-d860-11ef-98f5-0275dc2ded29,a4ea5a7a-d7f0-11ef-a75a-0275dc2ded29,1,f9f0dce9-ad56-49a7-a013-017a510f5c58,edaecc1d-97ce-490d-95d3-0b3a4deea1d2,uploadedfiles/biolk_sA2_50x_spot3.wxd,b7b17836-62a3-41d0-b6fa-4fab9093aa16,"[{""url"": ""/files/edaecc1d-97ce-490d-95d3-0b3a4deea1d2"", ""name"": ""biolk_sA2_50x_spot3.wxd"", ""path"": ""uploadedfiles/biolk_sA2_50x_spot3.wxd"", ""size"": null, ""type"": null, ""index"": 0, ""status"": ""uploaded"", ""content"": null, ""file_id"": ""edaecc1d-97ce-490d-95d3-0b3a4deea1d2"", ""accepted"": true, ""lastModified"": 1789422648}]",f9f0dce9-ad56-49a7-a013-017a510f5c58
5effbdb1-63af-4d23-97fe-3711972d34b4,8713965e-d860-11ef-98f5-0275dc2ded29,a4ea5a7a-d7f0-11ef-a75a-0275dc2ded29,1,f9f0dce9-ad56-49a7-a013-017a510f5c58,a95f55ab-350f-4234-82b8-e7ba061b65c8,uploadedfiles/biolk_sA2_50x_spot3.txt,7c2b496a-4c3d-4ca9-ac61-6215d7f8266b,"[{""url"": ""/files/a95f55ab-350f-4234-82b8-e7ba061b65c8"", ""name"": ""biolk_sA2_50x_spot3.txt"", ""path"": ""uploadedfiles/biolk_sA2_50x_spot3.txt"", ""size"": null, ""type"": null, ""index"": 0, ""status"": ""uploaded"", ""content"": null, ""file_id"": ""a95f55ab-350f-4234-82b8-e7ba061b65c8"", ""accepted"": true, ""lastModified"": 1789422648}]",f9f0dce9-ad56-49a7-a013-017a510f5c58
5effbdb1-63af-4d23-97fe-3711972d34b4,8713965e-d860-11ef-98f5-0275dc2ded29,a4ea5a7a-d7f0-11ef-a75a-0275dc2ded29,1,f9f0dce9-ad56-49a7-a013-017a510f5c58,b763a9ae-b23f-49d4-9da8-e1d3fca72f2d,uploadedfiles/biolk_sA2_50x_spot3.dx,d90279dd-bc2c-4f61-8ffe-933ba0b8b816,"[{""url"": ""/files/b763a9ae-b23f-49d4-9da8-e1d3fca72f2d"", ""name"": ""biolk_sA2_50x_spot3.dx"", ""path"": ""uploadedfiles/biolk_sA2_50x_spot3.dx"", ""size"": null, ""type"": null, ""index"": 0, ""status"": ""uploaded"", ""content"": null, ""file_id"": ""b763a9ae-b23f-49d4-9da8-e1d3fca72f2d"", ""accepted"": true, ""lastModified"": 1789422648}]",f9f0dce9-ad56-49a7-a013-017a510f5c58
60604127-7380-4286-8723-ef32476bc9f1,8713965e-d860-11ef-98f5-0275dc2ded29,a4ea5a7a-d7f0-11ef-a75a-0275dc2ded29,1,f9f0dce9-ad56-49a7-a013-017a510f5c58,fe5b89b6-234b-45a1-bf42-6d184449fa8a,uploadedfiles/TSR_FORS_biolk_00008.asd.sco.abs.dx,5a4ca2e0-3ccd-4285-a509-028cf1b482a8,"[{""url"": ""/files/fe5b89b6-234b-45a1-bf42-6d184449fa8a"", ""name"": ""TSR_FORS_biolk_00008.asd.sco.abs.dx"", ""path"": ""uploadedfiles/TSR_FORS_biolk_00008.asd.sco.abs.dx"", ""size"": null, ""type"": null, ""index"": 0, ""status"": ""uploaded"", ""content"": null, ""file_id"": ""fe5b89b6-234b-45a1-bf42-6d184449fa8a"", ""accepted"": true, ""lastModified"": 1789422648}]",f9f0dce9-ad56-49a7-a013-017a510f5c58
65c6de5a-7ea4-46e0-bcfd-5e1c479bac1f,8713965e-d860-11ef-98f5-0275dc2ded29,a4ea5a7a-d7f0-11ef-a75a-0275dc2ded29,1,f9f0dce9-ad56-49a7-a013-017a510f5c58,52bbd3cc-06ce-45e0-85b7-509a0e9392de,uploadedfiles/TSR_FORS_biolk_00009.asd.sco.abs.dx,76525dde-1345-40e1-af28-44e79d9e8c86,"[{""url"": ""/files/52bbd3cc-06ce-45e0-85b7-509a0e9392de"", ""name"": ""TSR_FORS_biolk_00009.asd.sco.abs.dx"", ""path"": ""uploadedfiles/TSR_FORS_biolk_00009.asd.sco.abs.dx"", ""size"": null, ""type"": null, ""index"": 0, ""status"": ""uploaded"", ""content"": null, ""file_id"": ""52bbd3cc-06ce-45e0-85b7-509a0e9392de"", ""accepted"": true, ""lastModified"": 1789422648}]",f9f0dce9-ad56-49a7-a013-017a510f5c58
7ccefd30-b863-48af-b58d-33a75e7cec1b,8713965e-d860-11ef-98f5-0275dc2ded29,a4ea5a7a-d7f0-11ef-a75a-0275dc2ded29,1,f9f0dce9-ad56-49a7-a013-017a510f5c58,4dc73d16-5089-40d2-9936-e94bf4e6e32e,uploadedfiles/Biolk_XRF__007.txt,d634bb1e-bfd2-4517-a801-4d9cd9ce7754,"[{""url"": ""/files/4dc73d16-5089-40d2-9936-e94bf4e6e32e"", ""name"": ""Biolk_XRF__007.txt"", ""path"": ""uploadedfiles/Biolk_XRF__007.txt"", ""size"": null, ""type"": null, ""index"": 0, ""status"": ""uploaded"", ""content"": null, ""file_id"": ""4dc73d16-5089-40d2-9936-e94bf4e6e32e"", ""accepted"": true, ""lastModified"": 1789422648}]",f9f0dce9-ad56-49a7-a013-017a510f5c58
7ccefd30-b863-48af-b58d-33a75e7cec1b,8713965e-d860-11ef-98f5-0275dc2ded29,a4ea5a7a-d7f0-11ef-a75a-0275dc2ded29,1,f9f0dce9-ad56-49a7-a013-017a510f5c58,350bd7a3-f375-45db-b9f5-6ac9502796d1,uploadedfiles/Biolk_XRF__007minus008.txt,7c1a0317-6e43-45de-8d24-ff3933a58d23,"[{""url"": ""/files/350bd7a3-f375-45db-b9f5-6ac9502796d1"", ""name"": ""Biolk_XRF__007minus008.txt"", ""path"": ""uploadedfiles/Biolk_XRF__007minus008.txt"", ""size"": null, ""type"": null, ""index"": 0, ""status"": ""uploaded"", ""content"": null, ""file_id"": ""350bd7a3-f375-45db-b9f5-6ac9502796d1"", ""accepted"": true, ""lastModified"": 1789422648}]",f9f0dce9-ad56-49a7-a013-017a510f5c58
7ccefd30-b863-48af-b58d-33a75e7cec1b,8713965e-d860-11ef-98f5-0275dc2ded29,a4ea5a7a-d7f0-11ef-a75a-0275dc2ded29,1,f9f0dce9-ad56-49a7-a013-017a510f5c58,7c65403f-c53d-44a9-b5ff-fb4ab4c65dd6,uploadedfiles/Biolk_XRF__007minus008.spx,88a06de7-f030-4305-8bbe-9a63adb8b202,"[{""url"": ""/files/7c65403f-c53d-44a9-b5ff-fb4ab4c65dd6"", ""name"": ""Biolk_XRF__007minus008.spx"", ""path"": ""uploadedfiles/Biolk_XRF__007minus008.spx"", ""size"": null, ""type"": null, ""index"": 0, ""status"": ""uploaded"", ""content"": null, ""file_id"": ""7c65403f-c53d-44a9-b5ff-fb4ab4c65dd6"", ""accepted"": true, ""lastModified"": 1789422648}]",f9f0dce9-ad56-49a7-a013-017a510f5c58
7ccefd30-b863-48af-b58d-33a75e7cec1b,8713965e-d860-11ef-98f5-0275dc2ded29,a4ea5a7a-d7f0-11ef-a75a-0275dc2ded29,1,f9f0dce9-ad56-49a7-a013-017a510f5c58,a4c29519-189e-464c-bf94-6ea5a33bb7a4,uploadedfiles/Biolk_XRF__007.spx,5f2af8fe-efbe-4f13-becb-e5b069346b69,"[{""url"": ""/files/a4c29519-189e-464c-bf94-6ea5a33bb7a4"", ""name"": ""Biolk_XRF__007.spx"", ""path"": ""uploadedfiles/Biolk_XRF__007.spx"", ""size"": null, ""type"": null, ""index"": 0, ""status"": ""uploaded"", ""content"": null, ""file_id"": ""a4c29519-189e-464c-bf94-6ea5a33bb7a4"", ""accepted"": true, ""lastModified"": 1789422648}]",f9f0dce9-ad56-49a7-a013-017a510f5c58
83a6ebf8-4e43-4233-aa2c-8c33731de73d,8713965e-d860-11ef-98f5-0275dc2ded29,a4ea5a7a-d7f0-11ef-a75a-0275dc2ded29,1,f9f0dce9-ad56-49a7-a013-017a510f5c58,b6666138-7306-4fe0-b0f5-aeed7e3c75e4,uploadedfiles/Biolk_XRF__004.txt,3b1d36b5-4d5a-42d1-acf3-ca429aeddf83,"[{""url"": ""/files/b6666138-7306-4fe0-b0f5-aeed7e3c75e4"", ""name"": ""Biolk_XRF__004.txt"", ""path"": ""uploadedfiles/Biolk_XRF__004.txt"", ""size"": null, ""type"": null, ""index"": 0, ""status"": ""uploaded"", ""content"": null, ""file_id"": ""b6666138-7306-4fe0-b0f5-aeed7e3c75e4"", ""accepted"": true, ""lastModified"": 1789422648}]",f9f0dce9-ad56-49a7-a013-017a510f5c58
83a6ebf8-4e43-4233-aa2c-8c33731de73d,8713965e-d860-11ef-98f5-0275dc2ded29,a4ea5a7a-d7f0-11ef-a75a-0275dc2ded29,1,f9f0dce9-ad56-49a7-a013-017a510f5c58,39374ef6-e1b1-4a58-b277-fac9a4919ffb,uploadedfiles/Biolk_XRF__004minus008.spx,11331166-e64f-4479-9aa4-8141e3589cdc,"[{""url"": ""/files/39374ef6-e1b1-4a58-b277-fac9a4919ffb"", ""name"": ""Biolk_XRF__004minus008.spx"", ""path"": ""uploadedfiles/Biolk_XRF__004minus008.spx"", ""size"": null, ""type"": null, ""index"": 0, ""status"": ""uploaded"", ""content"": null, ""file_id"": ""39374ef6-e1b1-4a58-b277-fac9a4919ffb"", ""accepted"": true, ""lastModified"": 1789422648}]",f9f0dce9-ad56-49a7-a013-017a510f5c58
83a6ebf8-4e43-4233-aa2c-8c33731de73d,8713965e-d860-11ef-98f5-0275dc2ded29,a4ea5a7a-d7f0-11ef-a75a-0275dc2ded29,1,f9f0dce9-ad56-49a7-a013-017a510f5c58,725da319-238c-4f66-b93e-3809ef13c4a5,uploadedfiles/Biolk_XRF__004.spx,fc3a1f3a-cba8-4fe1-b106-0e7e069d8a8e,"[{""url"": ""/files/725da319-238c-4f66-b93e-3809ef13c4a5"", ""name"": ""Biolk_XRF__004.spx"", ""path"": ""uploadedfiles/Biolk_XRF__004.spx"", ""size"": null, ""type"": null, ""index"": 0, ""status"": ""uploaded"", ""content"": null, ""file_id"": ""725da319-238c-4f66-b93e-3809ef13c4a5"", ""accepted"": true, ""lastModified"": 1789422648}]",f9f0dce9-ad56-49a7-a013-017a510f5c58
83a6ebf8-4e43-4233-aa2c-8c33731de73d,8713965e-d860-11ef-98f5-0275dc2ded29,a4ea5a7a-d7f0-11ef-a75a-0275dc2ded29,1,f9f0dce9-ad56-49a7-a013-017a510f5c58,3b9cbc5c-01b5-4a59-a0dc-f0dfdcc5981b,uploadedfiles/Biolk_XRF__004minus008.txt,6ce70852-bd5d-43cb-832a-732be5b790ec,"[{""url"": ""/files/3b9cbc5c-01b5-4a59-a0dc-f0dfdcc5981b"", ""name"": ""Biolk_XRF__004minus008.txt"", ""path"": ""uploadedfiles/Biolk_XRF__004minus008.txt"", ""size"": null, ""type"": null, ""index"": 0, ""status"": ""uploaded"", ""content"": null, ""file_id"": ""3b9cbc5c-01b5-4a59-a0dc-f0dfdcc5981b"", ""accepted"": true, ""lastModified"": 1789422648}]",f9f0dce9-ad56-49a7-a013-017a510f5c58
86cdd5f1-0359-4fee-9b44-48e144998ea4,8713965e-d860-11ef-98f5-0275dc2ded29,a4ea5a7a-d7f0-11ef-a75a-0275dc2ded29,1,f9f0dce9-ad56-49a7-a013-017a510f5c58,beaedb2b-c3f8-4a3e-8e12-37e223b3ffa9,uploadedfiles/Biolk_XRF__003minus008.txt,fabe16b9-e9a9-44a2-a111-724f890c0880,"[{""url"": ""/files/beaedb2b-c3f8-4a3e-8e12-37e223b3ffa9"", ""name"": ""Biolk_XRF__003minus008.txt"", ""path"": ""uploadedfiles/Biolk_XRF__003minus008.txt"", ""size"": null, ""type"": null, ""index"": 0, ""status"": ""uploaded"", ""content"": null, ""file_id"": ""beaedb2b-c3f8-4a3e-8e12-37e223b3ffa9"", ""accepted"": true, ""lastModified"": 1789422648}]",f9f0dce9-ad56-49a7-a013-017a510f5c58
86cdd5f1-0359-4fee-9b44-48e144998ea4,8713965e-d860-11ef-98f5-0275dc2ded29,a4ea5a7a-d7f0-11ef-a75a-0275dc2ded29,1,f9f0dce9-ad56-49a7-a013-017a510f5c58,c08cf678-6780-4bd2-a861-2fc1e4416574,uploadedfiles/Biolk_XRF__003minus008.spx,f323a478-536a-452f-b43b-5caadcad0bda,"[{""url"": ""/files/c08cf678-6780-4bd2-a861-2fc1e4416574"", ""name"": ""Biolk_XRF__003minus008.spx"", ""path"": ""uploadedfiles/Biolk_XRF__003minus008.spx"", ""size"": null, ""type"": null, ""index"": 0, ""status"": ""uploaded"", ""content"": null, ""file_id"": ""c08cf678-6780-4bd2-a861-2fc1e4416574"", ""accepted"": true, ""lastModified"": 1789422648}]",f9f0dce9-ad56-49a7-a013-017a510f5c58
86cdd5f1-0359-4fee-9b44-48e144998ea4,8713965e-d860-11ef-98f5-0275dc2ded29,a4ea5a7a-d7f0-11ef-a75a-0275dc2ded29,1,f9f0dce9-ad56-49a7-a013-017a510f5c58,5b9d5bc8-87f4-43d5-be8d-492720d16fd9,uploadedfiles/Biolk_XRF__003.txt,ba1e2811-b47d-428a-bb96-d967e96eca28,"[{""url"": ""/files/5b9d5bc8-87f4-43d5-be8d-492720d16fd9"", ""name"": ""Biolk_XRF__003.txt"", ""path"": ""uploadedfiles/Biolk_XRF__003.txt"", ""size"": null, ""type"": null, ""index"": 0, ""status"": ""uploaded"", ""content"": null, ""file_id"": ""5b9d5bc8-87f4-43d5-be8d-492720d16fd9"", ""accepted"": true, ""lastModified"": 1789422648}]",f9f0dce9-ad56-49a7-a013-017a510f5c58
86cdd5f1-0359-4fee-9b44-48e144998ea4,8713965e-d860-11ef-98f5-0275dc2ded29,a4ea5a7a-d7f0-11ef-a75a-0275dc2ded29,1,f9f0dce9-ad56-49a7-a013-017a510f5c58,e344d5b1-00da-4953-9145-ecea3d92f679,uploadedfiles/Biolk_XRF__003.spx,5ed35b38-eb82-4001-9fc5-cbb3488354b0,"[{""url"": ""/files/e344d5b1-00da-4953-9145-ecea3d92f679"", ""name"": ""Biolk_XRF__003.spx"", ""path"": ""uploadedfiles/Biolk_XRF__003.spx"", ""size"": null, ""type"": null, ""index"": 0, ""status"": ""uploaded"", ""content"": null, ""file_id"": ""e344d5b1-00da-4953-9145-ecea3d92f679"", ""accepted"": true, ""lastModified"": 1789422648}]",f9f0dce9-ad56-49a7-a013-017a510f5c58
a61d9e9a-1fbc-4abe-97b5-6566b7475e14,8713965e-d860-11ef-98f5-0275dc2ded29,a4ea5a7a-d7f0-11ef-a75a-0275dc2ded29,1,f9f0dce9-ad56-49a7-a013-017a510f5c58,ad209f79-c87c-4e4a-ba1a-048e5ad1e882,uploadedfiles/TSR_FORS_biolk_00010.asd.sco.abs.dx,f079987e-4dd9-4774-bd17-8ff2c563b5c6,"[{""url"": ""/files/ad209f79-c87c-4e4a-ba1a-048e5ad1e882"", ""name"": ""TSR_FORS_biolk_00010.asd.sco.abs.dx"", ""path"": ""uploadedfiles/TSR_FORS_biolk_00010.asd.sco.abs.dx"", ""size"": null, ""type"": null, ""index"": 0, ""status"": ""uploaded"", ""content"": null, ""file_id"": ""ad209f79-c87c-4e4a-ba1a-048e5ad1e882"", ""accepted"": true, ""lastModified"": 1789422648}]",f9f0dce9-ad56-49a7-a013-017a510f5c58
c4677cb7-f7a8-4186-bf30-aad543b9d316,8713965e-d860-11ef-98f5-0275dc2ded29,a4ea5a7a-d7f0-11ef-a75a-0275dc2ded29,1,f9f0dce9-ad56-49a7-a013-017a510f5c58,4fd97f19-c884-44d5-a63c-497ec66c79e8,uploadedfiles/biolk_sA2_50x_spot2.dx,c9bd0395-4a60-479a-9f5c-382b3f00ba13,"[{""url"": ""/files/4fd97f19-c884-44d5-a63c-497ec66c79e8"", ""name"": ""biolk_sA2_50x_spot2.dx"", ""path"": ""uploadedfiles/biolk_sA2_50x_spot2.dx"", ""size"": null, ""type"": null, ""index"": 0, ""status"": ""uploaded"", ""content"": null, ""file_id"": ""4fd97f19-c884-44d5-a63c-497ec66c79e8"", ""accepted"": true, ""lastModified"": 1789422648}]",f9f0dce9-ad56-49a7-a013-017a510f5c58
c4677cb7-f7a8-4186-bf30-aad543b9d316,8713965e-d860-11ef-98f5-0275dc2ded29,a4ea5a7a-d7f0-11ef-a75a-0275dc2ded29,1,f9f0dce9-ad56-49a7-a013-017a510f5c58,9ef5f363-e1e9-431e-b8f1-9a99352ffd89,uploadedfiles/biolk_sA2_50x_spot2.txt,03468807-9d13-4d3f-a3f0-73eabd8cc5a3,"[{""url"": ""/files/9ef5f363-e1e9-431e-b8f1-9a99352ffd89"", ""name"": ""biolk_sA2_50x_spot2.txt"", ""path"": ""uploadedfiles/biolk_sA2_50x_spot2.txt"", ""size"": null, ""type"": null, ""index"": 0, ""status"": ""uploaded"", ""content"": null, ""file_id"": ""9ef5f363-e1e9-431e-b8f1-9a99352ffd89"", ""accepted"": true, ""lastModified"": 1789422648}]",f9f0dce9-ad56-49a7-a013-017a510f5c58
c4677cb7-f7a8-4186-bf30-aad543b9d316,8713965e-d860-11ef-98f5-0275dc2ded29,a4ea5a7a-d7f0-11ef-a75a-0275dc2ded29,1,f9f0dce9-ad56-49a7-a013-017a510f5c58,133e2107-5e64-47ab-a588-48955ef1d427,uploadedfiles/biolk_sA2_50x_spot2.wxd,de127d3d-c42d-463f-860a-6c53e2d6614a,"[{""url"": ""/files/133e2107-5e64-47ab-a588-48955ef1d427"", ""name"": ""biolk_sA2_50x_spot2.wxd"", ""path"": ""uploadedfiles/biolk_sA2_50x_spot2.wxd"", ""size"": null, ""type"": null, ""index"": 0, ""status"": ""uploaded"", ""content"": null, ""file_id"": ""133e2107-5e64-47ab-a588-48955ef1d427"", ""accepted"": true, ""lastModified"": 1789422648}]",f9f0dce9-ad56-49a7-a013-017a510f5c58
cd01f397-1a5e-4a26-bec1-66d66fc482d6,8713965e-d860-11ef-98f5-0275dc2ded29,a4ea5a7a-d7f0-11ef-a75a-0275dc2ded29,1,f9f0dce9-ad56-49a7-a013-017a510f5c58,7666c8ce-da9f-40d7-a101-937f85a50b0d,uploadedfiles/Biolk_XRF__002.spx,ee20b43b-1f3b-48e0-92e4-9b9ce188838b,"[{""url"": ""/files/7666c8ce-da9f-40d7-a101-937f85a50b0d"", ""name"": ""Biolk_XRF__002.spx"", ""path"": ""uploadedfiles/Biolk_XRF__002.spx"", ""size"": null, ""type"": null, ""index"": 0, ""status"": ""uploaded"", ""content"": null, ""file_id"": ""7666c8ce-da9f-40d7-a101-937f85a50b0d"", ""accepted"": true, ""lastModified"": 1789422648}]",f9f0dce9-ad56-49a7-a013-017a510f5c58
cd01f397-1a5e-4a26-bec1-66d66fc482d6,8713965e-d860-11ef-98f5-0275dc2ded29,a4ea5a7a-d7f0-11ef-a75a-0275dc2ded29,1,f9f0dce9-ad56-49a7-a013-017a510f5c58,0bde8e88-72e3-4e98-a0c6-43a08903ec05,uploadedfiles/Biolk_XRF__002minus008.spx,4288e2ea-198f-447d-8c60-0e407d8afa46,"[{""url"": ""/files/0bde8e88-72e3-4e98-a0c6-43a08903ec05"", ""name"": ""Biolk_XRF__002minus008.spx"", ""path"": ""uploadedfiles/Biolk_XRF__002minus008.spx"", ""size"": null, ""type"": null, ""index"": 0, ""status"": ""uploaded"", ""content"": null, ""file_id"": ""0bde8e88-72e3-4e98-a0c6-43a08903ec05"", ""accepted"": true, ""lastModified"": 1789422648}]",f9f0dce9-ad56-49a7-a013-017a510f5c58
cd01f397-1a5e-4a26-bec1-66d66fc482d6,8713965e-d860-11ef-98f5-0275dc2ded29,a4ea5a7a-d7f0-11ef-a75a-0275dc2ded29,1,f9f0dce9-ad56-49a7-a013-017a510f5c58,a88f5b03-4ae4-443d-ae45-2269e268a738,uploadedfiles/Biolk_XRF__002.txt,7d1e63c5-1c22-439b-b8a9-c5fdc8eef587,"[{""url"": ""/files/a88f5b03-4ae4-443d-ae45-2269e268a738"", ""name"": ""Biolk_XRF__002.txt"", ""path"": ""uploadedfiles/Biolk_XRF__002.txt"", ""size"": null, ""type"": null, ""index"": 0, ""status"": ""uploaded"", ""content"": null, ""file_id"": ""a88f5b03-4ae4-443d-ae45-2269e268a738"", ""accepted"": true, ""lastModified"": 1789422648}]",f9f0dce9-ad56-49a7-a013-017a510f5c58
cd01f397-1a5e-4a26-bec1-66d66fc482d6,8713965e-d860-11ef-98f5-0275dc2ded29,a4ea5a7a-d7f0-11ef-a75a-0275dc2ded29,1,f9f0dce9-ad56-49a7-a013-017a510f5c58,2f0d3d0b-8961-469c-a2c4-c2d89aac7035,uploadedfiles/Biolk_XRF__002minus008.txt,4c026fd6-6969-425e-9dea-20e27d3316ec,"[{""url"": ""/files/2f0d3d0b-8961-469c-a2c4-c2d89aac7035"", ""name"": ""Biolk_XRF__002minus008.txt"", ""path"": ""uploadedfiles/Biolk_XRF__002minus008.txt"", ""size"": null, ""type"": null, ""index"": 0, ""status"": ""uploaded"", ""content"": null, ""file_id"": ""2f0d3d0b-8961-469c-a2c4-c2d89aac7035"", ""accepted"": true, ""lastModified"": 1789422648}]",f9f0dce9-ad56-49a7-a013-017a510f5c58
d9c0434a-e70f-4760-ad26-b5137f1b3576,8713965e-d860-11ef-98f5-0275dc2ded29,a4ea5a7a-d7f0-11ef-a75a-0275dc2ded29,1,f9f0dce9-ad56-49a7-a013-017a510f5c58,69ca77fc-38e2-40be-9318-7079116d090f,uploadedfiles/biolk_sC_100x_spot2.dx,9bbf66d5-a0d1-4105-a070-97ceba8ff2ae,"[{""url"": ""/files/69ca77fc-38e2-40be-9318-7079116d090f"", ""name"": ""biolk_sC_100x_spot2.dx"", ""path"": ""uploadedfiles/biolk_sC_100x_spot2.dx"", ""size"": null, ""type"": null, ""index"": 0, ""status"": ""uploaded"", ""content"": null, ""file_id"": ""69ca77fc-38e2-40be-9318-7079116d090f"", ""accepted"": true, ""lastModified"": 1789422648}]",f9f0dce9-ad56-49a7-a013-017a510f5c58
d9c0434a-e70f-4760-ad26-b5137f1b3576,8713965e-d860-11ef-98f5-0275dc2ded29,a4ea5a7a-d7f0-11ef-a75a-0275dc2ded29,1,f9f0dce9-ad56-49a7-a013-017a510f5c58,af157539-4908-460c-9f76-099fc56cf3b7,uploadedfiles/biolk_sC_100x_spot2.txt,3e3d800f-079f-4ad8-b235-018bb8ccb14a,"[{""url"": ""/files/af157539-4908-460c-9f76-099fc56cf3b7"", ""name"": ""biolk_sC_100x_spot2.txt"", ""path"": ""uploadedfiles/biolk_sC_100x_spot2.txt"", ""size"": null, ""type"": null, ""index"": 0, ""status"": ""uploaded"", ""content"": null, ""file_id"": ""af157539-4908-460c-9f76-099fc56cf3b7"", ""accepted"": true, ""lastModified"": 1789422648}]",f9f0dce9-ad56-49a7-a013-017a510f5c58
d9c0434a-e70f-4760-ad26-b5137f1b3576,8713965e-d860-11ef-98f5-0275dc2ded29,a4ea5a7a-d7f0-11ef-a75a-0275dc2ded29,1,f9f0dce9-ad56-49a7-a013-017a510f5c58,a2be6af6-c9ad-40f0-b8ac-9569a7784fad,uploadedfiles/biolk_sC_100x_spot2.wxd,3644c743-e541-4897-a5e0-5571edbcb890,"[{""url"": ""/files/a2be6af6-c9ad-40f0-b8ac-9569a7784fad"", ""name"": ""biolk_sC_100x_spot2.wxd"", ""path"": ""uploadedfiles/biolk_sC_100x_spot2.wxd"", ""size"": null, ""type"": null, ""index"": 0, ""status"": ""uploaded"", ""content"": null, ""file_id"": ""a2be6af6-c9ad-40f0-b8ac-9569a7784fad"", ""accepted"": true, ""lastModified"": 1789422648}]",f9f0dce9-ad56-49a7-a013-017a510f5c58
db7a234e-14a9-4c9a-928e-9ef3be493ab4,8713965e-d860-11ef-98f5-0275dc2ded29,a4ea5a7a-d7f0-11ef-a75a-0275dc2ded29,1,f9f0dce9-ad56-49a7-a013-017a510f5c58,75dba810-82d0-4349-b9f2-c0073c974852,uploadedfiles/Biolk_XRF__008.txt,76fce551-b770-456a-9e7a-1da052ad45cb,"[{""url"": ""/files/75dba810-82d0-4349-b9f2-c0073c974852"", ""name"": ""Biolk_XRF__008.txt"", ""path"": ""uploadedfiles/Biolk_XRF__008.txt"", ""size"": null, ""type"": null, ""index"": 0, ""status"": ""uploaded"", ""content"": null, ""file_id"": ""75dba810-82d0-4349-b9f2-c0073c974852"", ""accepted"": true, ""lastModified"": 1789422648}]",f9f0dce9-ad56-49a7-a013-017a510f5c58
db7a234e-14a9-4c9a-928e-9ef3be493ab4,8713965e-d860-11ef-98f5-0275dc2ded29,a4ea5a7a-d7f0-11ef-a75a-0275dc2ded29,1,f9f0dce9-ad56-49a7-a013-017a510f5c58,f5506aac-a6ef-4fd5-a2dd-cba70afbe61e,uploadedfiles/Biolk_XRF__008.spx,8fa3a4fd-b2c3-4354-9bce-caf503b3f060,"[{""url"": ""/files/f5506aac-a6ef-4fd5-a2dd-cba70afbe61e"", ""name"": ""Biolk_XRF__008.spx"", ""path"": ""uploadedfiles/Biolk_XRF__008.spx"", ""size"": null, ""type"": null, ""index"": 0, ""status"": ""uploaded"", ""content"": null, ""file_id"": ""f5506aac-a6ef-4fd5-a2dd-cba70afbe61e"", ""accepted"": true, ""lastModified"": 1789422648}]",f9f0dce9-ad56-49a7-a013-017a510f5c58
f04a3ee9-855c-4f09-8814-00dab1925a1b,8713965e-d860-11ef-98f5-0275dc2ded29,a4ea5a7a-d7f0-11ef-a75a-0275dc2ded29,1,f9f0dce9-ad56-49a7-a013-017a510f5c58,ed2d2e43-74b2-409b-8c95-4a770ad38bc4,uploadedfiles/Biolk_XRF__001.spx,ea371eb0-a214-4e75-bb9f-a9b49bb1c165,"[{""url"": ""/files/ed2d2e43-74b2-409b-8c95-4a770ad38bc4"", ""name"": ""Biolk_XRF__001.spx"", ""path"": ""uploadedfiles/Biolk_XRF__001.spx"", ""size"": null, ""type"": null, ""index"": 0, ""status"": ""uploaded"", ""content"": null, ""file_id"": ""ed2d2e43-74b2-409b-8c95-4a770ad38bc4"", ""accepted"": true, ""lastModified"": 1789422648}]",f9f0dce9-ad56-49a7-a013-017a510f5c58
f04a3ee9-855c-4f09-8814-00dab1925a1b,8713965e-d860-11ef-98f5-0275dc2ded29,a4ea5a7a-d7f0-11ef-a75a-0275dc2ded29,1,f9f0dce9-ad56-49a7-a013-017a510f5c58,49a392bf-096a-4469-bde4-b72320b87e03,uploadedfiles/Biolk_XRF__001minus008.txt,2d4df49b-ffad-46f7-8255-44b521747848,"[{""url"": ""/files/49a392bf-096a-4469-bde4-b72320b87e03"", ""name"": ""Biolk_XRF__001minus008.txt"", ""path"": ""uploadedfiles/Biolk_XRF__001minus008.txt"", ""size"": null, ""type"": null, ""index"": 0, ""status"": ""uploaded"", ""content"": null, ""file_id"": ""49a392bf-096a-4469-bde4-b72320b87e03"", ""accepted"": true, ""lastModified"": 1789422648}]",f9f0dce9-ad56-49a7-a013-017a510f5c58
f04a3ee9-855c-4f09-8814-00dab1925a1b,8713965e-d860-11ef-98f5-0275dc2ded29,a4ea5a7a-d7f0-11ef-a75a-0275dc2ded29,1,f9f0dce9-ad56-49a7-a013-017a510f5c58,37d8bc63-dd9c-4bf6-90cd-41e947532537,uploadedfiles/Biolk_XRF__001.txt,eacced37-9b44-40d6-834f-af3d2b3ebd20,"[{""url"": ""/files/37d8bc63-dd9c-4bf6-90cd-41e947532537"", ""name"": ""Biolk_XRF__001.txt"", ""path"": ""uploadedfiles/Biolk_XRF__001.txt"", ""size"": null, ""type"": null, ""index"": 0, ""status"": ""uploaded"", ""content"": null, ""file_id"": ""37d8bc63-dd9c-4bf6-90cd-41e947532537"", ""accepted"": true, ""lastModified"": 1789422648}]",f9f0dce9-ad56-49a7-a013-017a510f5c58
f04a3ee9-855c-4f09-8814-00dab1925a1b,8713965e-d860-11ef-98f5-0275dc2ded29,a4ea5a7a-d7f0-11ef-a75a-0275dc2ded29,1,f9f0dce9-ad56-49a7-a013-017a510f5c58,b7b78332-37b6-402c-a76d-e843ad5e2880,uploadedfiles/Biolk_XRF__001minus008.spx,0ada3713-a504-4ca5-aad8-205b986267d0,"[{""url"": ""/files/b7b78332-37b6-402c-a76d-e843ad5e2880"", ""name"": ""Biolk_XRF__001minus008.spx"", ""path"": ""uploadedfiles/Biolk_XRF__001minus008.spx"", ""size"": null, ""type"": null, ""index"": 0, ""status"": ""uploaded"", ""content"": null, ""file_id"": ""b7b78332-37b6-402c-a76d-e843ad5e2880"", ""accepted"": true, ""lastModified"": 1789422648}]",f9f0dce9-ad56-49a7-a013-017a510f5c58
f43fd007-ca58-4c5d-9981-2a7f7f9a8a12,8713965e-d860-11ef-98f5-0275dc2ded29,a4ea5a7a-d7f0-11ef-a75a-0275dc2ded29,1,f9f0dce9-ad56-49a7-a013-017a510f5c58,22dfd757-4142-49a8-ba15-383370bbb85e,uploadedfiles/Biolk_XRF__006.txt,6e0b4271-eb24-4ebc-8494-a824a02e493c,"[{""url"": ""/files/22dfd757-4142-49a8-ba15-383370bbb85e"", ""name"": ""Biolk_XRF__006.txt"", ""path"": ""uploadedfiles/Biolk_XRF__006.txt"", ""size"": null, ""type"": null, ""index"": 0, ""status"": ""uploaded"", ""content"": null, ""file_id"": ""22dfd757-4142-49a8-ba15-383370bbb85e"", ""accepted"": true, ""lastModified"": 1789422648}]",f9f0dce9-ad56-49a7-a013-017a510f5c58
f43fd007-ca58-4c5d-9981-2a7f7f9a8a12,8713965e-d860-11ef-98f5-0275dc2ded29,a4ea5a7a-d7f0-11ef-a75a-0275dc2ded29,1,f9f0dce9-ad56-49a7-a013-017a510f5c58,880c0d00-d727-4859-a61d-9524335cc12c,uploadedfiles/Biolk_XRF__006minus008.txt,f6d4ae84-af52-49a6-a88c-892117853ae8,"[{""url"": ""/files/880c0d00-d727-4859-a61d-9524335cc12c"", ""name"": ""Biolk_XRF__006minus008.txt"", ""path"": ""uploadedfiles/Biolk_XRF__006minus008.txt"", ""size"": null, ""type"": null, ""index"": 0, ""status"": ""uploaded"", ""content"": null, ""file_id"": ""880c0d00-d727-4859-a61d-9524335cc12c"", ""accepted"": true, ""lastModified"": 1789422648}]",f9f0dce9-ad56-49a7-a013-017a510f5c58
f43fd007-ca58-4c5d-9981-2a7f7f9a8a12,8713965e-d860-11ef-98f5-0275dc2ded29,a4ea5a7a-d7f0-11ef-a75a-0275dc2ded29,1,f9f0dce9-ad56-49a7-a013-017a510f5c58,8170ccfd-d00c-4d69-9a39-29d7ce5e3057,uploadedfiles/Biolk_XRF__006minus008.spx,04e06f2b-4b2e-4175-ae02-ece938c83194,"[{""url"": ""/files/8170ccfd-d00c-4d69-9a39-29d7ce5e3057"", ""name"": ""Biolk_XRF__006minus008.spx"", ""path"": ""uploadedfiles/Biolk_XRF__006minus008.spx"", ""size"": null, ""type"": null, ""index"": 0, ""status"": ""uploaded"", ""content"": null, ""file_id"": ""8170ccfd-d00c-4d69-9a39-29d7ce5e3057"", ""accepted"": true, ""lastModified"": 1789422648}]",f9f0dce9-ad56-49a7-a013-017a510f5c58
f43fd007-ca58-4c5d-9981-2a7f7f9a8a12,8713965e-d860-11ef-98f5-0275dc2ded29,a4ea5a7a-d7f0-11ef-a75a-0275dc2ded29,1,f9f0dce9-ad56-49a7-a013-017a510f5c58,b2e5bad4-df49-4adc-83d5-150a474b9ef4,uploadedfiles/Biolk_XRF__006.spx,c1810390-2211-4295-a653-e69b8996e286,"[{""url"": ""/files/b2e5bad4-df49-4adc-83d5-150a474b9ef4"", ""name"": ""Biolk_XRF__006.spx"", ""path"": ""uploadedfiles/Biolk_XRF__006.spx"", ""size"": null, ""type"": null, ""index"": 0, ""status"": ""uploaded"", ""content"": null, ""file_id"": ""b2e5bad4-df49-4adc-83d5-150a474b9ef4"", ""accepted"": true, ""lastModified"": 1789422648}]",f9f0dce9-ad56-49a7-a013-017a510f5c58
f4a246b7-51ec-4afc-9358-bd9f727806a8,8713965e-d860-11ef-98f5-0275dc2ded29,a4ea5a7a-d7f0-11ef-a75a-0275dc2ded29,1,f9f0dce9-ad56-49a7-a013-017a510f5c58,c0c0dc86-4f10-4cc1-af1b-adde2b0782fc,uploadedfiles/VioBiolk_flat.bcf,a7eec3c7-6ce4-4893-9a98-582059092c7a,"[{""url"": ""/files/c0c0dc86-4f10-4cc1-af1b-adde2b0782fc"", ""name"": ""VioBiolk_flat.bcf"", ""path"": ""uploadedfiles/VioBiolk_flat.bcf"", ""size"": null, ""type"": null, ""index"": 0, ""status"": ""uploaded"", ""content"": null, ""file_id"": ""c0c0dc86-4f10-4cc1-af1b-adde2b0782fc"", ""accepted"": true, ""lastModified"": 1789422648}]",f9f0dce9-ad56-49a7-a013-017a510f5c58
f4a246b7-51ec-4afc-9358-bd9f727806a8,8713965e-d860-11ef-98f5-0275dc2ded29,a4ea5a7a-d7f0-11ef-a75a-0275dc2ded29,1,f9f0dce9-ad56-49a7-a013-017a510f5c58,cea6aefd-6001-4915-93e3-910a71164a0e,uploadedfiles/VioBiolk_flat.raw,cb97c6d5-ecaf-4e0d-ae76-e9082a1e48f5,"[{""url"": ""/files/cea6aefd-6001-4915-93e3-910a71164a0e"", ""name"": ""VioBiolk_flat.raw"", ""path"": ""uploadedfiles/VioBiolk_flat.raw"", ""size"": null, ""type"": null, ""index"": 0, ""status"": ""uploaded"", ""content"": null, ""file_id"": ""cea6aefd-6001-4915-93e3-910a71164a0e"", ""accepted"": true, ""lastModified"": 1789422648}]",f9f0dce9-ad56-49a7-a013-017a510f5c58
f4a246b7-51ec-4afc-9358-bd9f727806a8,8713965e-d860-11ef-98f5-0275dc2ded29,a4ea5a7a-d7f0-11ef-a75a-0275dc2ded29,1,f9f0dce9-ad56-49a7-a013-017a510f5c58,33b8b921-034d-4422-8841-d30176ad995e,uploadedfiles/VioBiolk_flat.rpl,b7338dcf-1beb-4940-99c8-654a898327ec,"[{""url"": ""/files/33b8b921-034d-4422-8841-d30176ad995e"", ""name"": ""VioBiolk_flat.rpl"", ""path"": ""uploadedfiles/VioBiolk_flat.rpl"", ""size"": null, ""type"": null, ""index"": 0, ""status"": ""uploaded"", ""content"": null, ""file_id"": ""33b8b921-034d-4422-8841-d30176ad995e"", ""accepted"": true, ""lastModified"": 1789422648}]",f9f0dce9-ad56-49a7-a013-017a510f5c58
f58f23da-3d10-488d-867e-e844aecec68b,8713965e-d860-11ef-98f5-0275dc2ded29,a4ea5a7a-d7f0-11ef-a75a-0275dc2ded29,1,f9f0dce9-ad56-49a7-a013-017a510f5c58,20ab2573-85cb-4042-922a-bcb1511ba625,uploadedfiles/Biolk_XRF__005.spx,2a04161b-1fe0-4428-8a48-1cc39c7f499f,"[{""url"": ""/files/20ab2573-85cb-4042-922a-bcb1511ba625"", ""name"": ""Biolk_XRF__005.spx"", ""path"": ""uploadedfiles/Biolk_XRF__005.spx"", ""size"": null, ""type"": null, ""index"": 0, ""status"": ""uploaded"", ""content"": null, ""file_id"": ""20ab2573-85cb-4042-922a-bcb1511ba625"", ""accepted"": true, ""lastModified"": 1789422648}]",f9f0dce9-ad56-49a7-a013-017a510f5c58
f58f23da-3d10-488d-867e-e844aecec68b,8713965e-d860-11ef-98f5-0275dc2ded29,a4ea5a7a-d7f0-11ef-a75a-0275dc2ded29,1,f9f0dce9-ad56-49a7-a013-017a510f5c58,a1d5ce40-7cb4-452c-afa6-4796cd795302,uploadedfiles/Biolk_XRF__005.txt,d8c65e47-8228-48e3-a7c9-dc79f16ca814,"[{""url"": ""/files/a1d5ce40-7cb4-452c-afa6-4796cd795302"", ""name"": ""Biolk_XRF__005.txt"", ""path"": ""uploadedfiles/Biolk_XRF__005.txt"", ""size"": null, ""type"": null, ""index"": 0, ""status"": ""uploaded"", ""content"": null, ""file_id"": ""a1d5ce40-7cb4-452c-afa6-4796cd795302"", ""accepted"": true, ""lastModified"": 1789422648}]",f9f0dce9-ad56-49a7-a013-017a510f5c58
f58f23da-3d10-488d-867e-e844aecec68b,8713965e-d860-11ef-98f5-0275dc2ded29,a4ea5a7a-d7f0-11ef-a75a-0275dc2ded29,1,f9f0dce9-ad56-49a7-a013-017a510f5c58,198efb7a-bee3-4c0b-aa03-4c124e04519c,uploadedfiles/Biolk_XRF__005minus008.txt,2345ce61-6491-4bd2-b366-eda7de14eef5,"[{""url"": ""/files/198efb7a-bee3-4c0b-aa03-4c124e04519c"", ""name"": ""Biolk_XRF__005minus008.txt"", ""path"": ""uploadedfiles/Biolk_XRF__005minus008.txt"", ""size"": null, ""type"": null, ""index"": 0, ""status"": ""uploaded"", ""content"": null, ""file_id"": ""198efb7a-bee3-4c0b-aa03-4c124e04519c"", ""accepted"": true, ""lastModified"": 1789422648}]",f9f0dce9-ad56-49a7-a013-017a510f5c58
f58f23da-3d10-488d-867e-e844aecec68b,8713965e-d860-11ef-98f5-0275dc2ded29,a4ea5a7a-d7f0-11ef-a75a-0275dc2ded29,1,f9f0dce9-ad56-49a7-a013-017a510f5c58,c0b934e7-196b-4f9a-b10f-311e2469ca7f,uploadedfiles/Biolk_XRF__005minus008.spx,ce18bc2e-09cb-4d14-9120-5387de787d98,"[{""url"": ""/files/c0b934e7-196b-4f9a-b10f-311e2469ca7f"", ""name"": ""Biolk_XRF__005minus008.spx"", ""path"": ""uploadedfiles/Biolk_XRF__005minus008.spx"", ""size"": null, ""type"": null, ""index"": 0, ""status"": ""uploaded"", ""content"": null, ""file_id"": ""c0b934e7-196b-4f9a-b10f-311e2469ca7f"", ""accepted"": true, ""lastModified"": 1789422648}]",f9f0dce9-ad56-49a7-a013-017a510f5c58
