resourceinstanceid,graphid,graphpublicationid,principaluser_id,transactionid,person_name_tileid,person_name_name_content,person_name_name_type,person_name_name_language,person_name_transactionid
3400dde1-621c-4ff1-b7e6-da9f1a6980e5,e1d0ea1a-d770-11ef-8c40-0275dc2ded29,3fd6e10e-d8c6-11ef-9ef7-0275dc2ded29,1,8efdc9d4-6109-438c-b45a-456608f7255c,db160b77-e556-413f-b75c-14a45630ca3f,"{""en"": {""value"": ""J. Podany"", ""direction"": ""ltr""}}","[{""uri"": ""http://vocab.getty.edu/aat/300404688"", ""labels"": [{""id"": ""0afee8eb-41fe-404b-93d8-878118d3f36b"", ""value"": ""full names (personal names)"", ""language_id"": ""en"", ""list_item_id"": ""c54f3642-9f8d-475d-8c6d-b82fc4b5b853"", ""valuetype_id"": ""prefLabel""}], ""list_id"": ""36169008-3624-4589-98f8-47653f6db663""}]","[{""uri"": ""http://vocab.getty.edu/aat/300388277"", ""labels"": [{""id"": ""bf59ca74-9146-4b2e-8ba7-3d7c30791491"", ""value"": ""English (language)"", ""language_id"": ""en"", ""list_item_id"": ""38729dbe-6d1c-48ce-bf47-e2a18945600e"", ""valuetype_id"": ""prefLabel""}], ""list_id"": ""f7fc4f6d-fd46-4881-846f-4a08bc1a3fef""}]",8efdc9d4-6109-438c-b45a-456608f7255c
001b46e8-2079-4835-a050-87430127bf5b,e1d0ea1a-d770-11ef-8c40-0275dc2ded29,3fd6e10e-d8c6-11ef-9ef7-0275dc2ded29,1,8efdc9d4-6109-438c-b45a-456608f7255c,ed44bdf3-fe55-42ca-aff1-e35e30861694,"{""en"": {""value"": ""E. Hansen"", ""direction"": ""ltr""}}","[{""uri"": ""http://vocab.getty.edu/aat/300404688"", ""labels"": [{""id"": ""0afee8eb-41fe-404b-93d8-878118d3f36b"", ""value"": ""full names (personal names)"", ""language_id"": ""en"", ""list_item_id"": ""c54f3642-9f8d-475d-8c6d-b82fc4b5b853"", ""valuetype_id"": ""prefLabel""}], ""list_id"": ""36169008-3624-4589-98f8-47653f6db663""}]","[{""uri"": ""http://vocab.getty.edu/aat/300388277"", ""labels"": [{""id"": ""bf59ca74-9146-4b2e-8ba7-3d7c30791491"", ""value"": ""English (language)"", ""language_id"": ""en"", ""list_item_id"": ""38729dbe-6d1c-48ce-bf47-e2a18945600e"", ""valuetype_id"": ""prefLabel""}], ""list_id"": ""f7fc4f6d-fd46-4881-846f-4a08bc1a3fef""}]",8efdc9d4-6109-438c-b45a-456608f7255c
7ef775f2-c5b5-4419-ab5a-ee2fe860d67a,e1d0ea1a-d770-11ef-8c40-0275dc2ded29,3fd6e10e-d8c6-11ef-9ef7-0275dc2ded29,1,8efdc9d4-6109-438c-b45a-456608f7255c,5e575851-3cdc-48aa-ace1-a564309de0d7,"{""en"": {""value"": ""C. Chippindale"", ""direction"": ""ltr""}}","[{""uri"": ""http://vocab.getty.edu/aat/300404688"", ""labels"": [{""id"": ""0afee8eb-41fe-404b-93d8-878118d3f36b"", ""value"": ""full names (personal names)"", ""language_id"": ""en"", ""list_item_id"": ""c54f3642-9f8d-475d-8c6d-b82fc4b5b853"", ""valuetype_id"": ""prefLabel""}], ""list_id"": ""36169008-3624-4589-98f8-47653f6db663""}]","[{""uri"": ""http://vocab.getty.edu/aat/300388277"", ""labels"": [{""id"": ""bf59ca74-9146-4b2e-8ba7-3d7c30791491"", ""value"": ""English (language)"", ""language_id"": ""en"", ""list_item_id"": ""38729dbe-6d1c-48ce-bf47-e2a18945600e"", ""valuetype_id"": ""prefLabel""}], ""list_id"": ""f7fc4f6d-fd46-4881-846f-4a08bc1a3fef""}]",8efdc9d4-6109-438c-b45a-456608f7255c
ec3ffadd-c326-4037-83c7-9bc258997ba2,e1d0ea1a-d770-11ef-8c40-0275dc2ded29,3fd6e10e-d8c6-11ef-9ef7-0275dc2ded29,1,8efdc9d4-6109-438c-b45a-456608f7255c,b481d359-4603-42cf-892c-11bf8e0b2eff,"{""en"": {""value"": ""M. Bolton"", ""direction"": ""ltr""}}","[{""uri"": ""http://vocab.getty.edu/aat/300404688"", ""labels"": [{""id"": ""0afee8eb-41fe-404b-93d8-878118d3f36b"", ""value"": ""full names (personal names)"", ""language_id"": ""en"", ""list_item_id"": ""c54f3642-9f8d-475d-8c6d-b82fc4b5b853"", ""valuetype_id"": ""prefLabel""}], ""list_id"": ""36169008-3624-4589-98f8-47653f6db663""}]","[{""uri"": ""http://vocab.getty.edu/aat/300388277"", ""labels"": [{""id"": ""bf59ca74-9146-4b2e-8ba7-3d7c30791491"", ""value"": ""English (language)"", ""language_id"": ""en"", ""list_item_id"": ""38729dbe-6d1c-48ce-bf47-e2a18945600e"", ""valuetype_id"": ""prefLabel""}], ""list_id"": ""f7fc4f6d-fd46-4881-846f-4a08bc1a3fef""}]",8efdc9d4-6109-438c-b45a-456608f7255c
878cfffc-e1f1-4019-915b-23ad5886154b,e1d0ea1a-d770-11ef-8c40-0275dc2ded29,3fd6e10e-d8c6-11ef-9ef7-0275dc2ded29,1,8efdc9d4-6109-438c-b45a-456608f7255c,92e802ab-1614-43cf-8b72-096ab92778c2,"{""en"": {""value"": ""A. Parker"", ""direction"": ""ltr""}}","[{""uri"": ""http://vocab.getty.edu/aat/300404688"", ""labels"": [{""id"": ""0afee8eb-41fe-404b-93d8-878118d3f36b"", ""value"": ""full names (personal names)"", ""language_id"": ""en"", ""list_item_id"": ""c54f3642-9f8d-475d-8c6d-b82fc4b5b853"", ""valuetype_id"": ""prefLabel""}], ""list_id"": ""36169008-3624-4589-98f8-47653f6db663""}]","[{""uri"": ""http://vocab.getty.edu/aat/300388277"", ""labels"": [{""id"": ""bf59ca74-9146-4b2e-8ba7-3d7c30791491"", ""value"": ""English (language)"", ""language_id"": ""en"", ""list_item_id"": ""38729dbe-6d1c-48ce-bf47-e2a18945600e"", ""valuetype_id"": ""prefLabel""}], ""list_id"": ""f7fc4f6d-fd46-4881-846f-4a08bc1a3fef""}]",8efdc9d4-6109-438c-b45a-456608f7255c
18ec4fad-c58f-4572-ab02-e35051df0b65,e1d0ea1a-d770-11ef-8c40-0275dc2ded29,3fd6e10e-d8c6-11ef-9ef7-0275dc2ded29,1,8efdc9d4-6109-438c-b45a-456608f7255c,c8e95953-ee4d-43a1-ba72-bd22dd858020,"{""en"": {""value"": ""G. Chaloupka"", ""direction"": ""ltr""}}","[{""uri"": ""http://vocab.getty.edu/aat/300404688"", ""labels"": [{""id"": ""0afee8eb-41fe-404b-93d8-878118d3f36b"", ""value"": ""full names (personal names)"", ""language_id"": ""en"", ""list_item_id"": ""c54f3642-9f8d-475d-8c6d-b82fc4b5b853"", ""valuetype_id"": ""prefLabel""}], ""list_id"": ""36169008-3624-4589-98f8-47653f6db663""}]","[{""uri"": ""http://vocab.getty.edu/aat/300388277"", ""labels"": [{""id"": ""bf59ca74-9146-4b2e-8ba7-3d7c30791491"", ""value"": ""English (language)"", ""language_id"": ""en"", ""list_item_id"": ""38729dbe-6d1c-48ce-bf47-e2a18945600e"", ""valuetype_id"": ""prefLabel""}], ""list_id"": ""f7fc4f6d-fd46-4881-846f-4a08bc1a3fef""}]",8efdc9d4-6109-438c-b45a-456608f7255c
6c89e09b-d453-4fc9-ab07-bbcd8e0ab6d1,e1d0ea1a-d770-11ef-8c40-0275dc2ded29,3fd6e10e-d8c6-11ef-9ef7-0275dc2ded29,1,8efdc9d4-6109-438c-b45a-456608f7255c,5323c2a4-fde2-4ea5-98f1-fd8fbc18a0d7,"{""en"": {""value"": ""Art Kaplan"", ""direction"": ""ltr""}}","[{""uri"": ""http://vocab.getty.edu/aat/300404688"", ""labels"": [{""id"": ""0afee8eb-41fe-404b-93d8-878118d3f36b"", ""value"": ""full names (personal names)"", ""language_id"": ""en"", ""list_item_id"": ""c54f3642-9f8d-475d-8c6d-b82fc4b5b853"", ""valuetype_id"": ""prefLabel""}], ""list_id"": ""36169008-3624-4589-98f8-47653f6db663""}]","[{""uri"": ""http://vocab.getty.edu/aat/300388277"", ""labels"": [{""id"": ""bf59ca74-9146-4b2e-8ba7-3d7c30791491"", ""value"": ""English (language)"", ""language_id"": ""en"", ""list_item_id"": ""38729dbe-6d1c-48ce-bf47-e2a18945600e"", ""valuetype_id"": ""prefLabel""}], ""list_id"": ""f7fc4f6d-fd46-4881-846f-4a08bc1a3fef""}]",8efdc9d4-6109-438c-b45a-456608f7255c
b9dc9f67-5fc7-4537-92e1-70b86b5f25ec,e1d0ea1a-d770-11ef-8c40-0275dc2ded29,3fd6e10e-d8c6-11ef-9ef7-0275dc2ded29,1,8efdc9d4-6109-438c-b45a-456608f7255c,7a7ad68f-ee42-4767-be8c-41898340504b,"{""en"": {""value"": ""H. Khanjian"", ""direction"": ""ltr""}}","[{""uri"": ""http://vocab.getty.edu/aat/300404688"", ""labels"": [{""id"": ""0afee8eb-41fe-404b-93d8-878118d3f36b"", ""value"": ""full names (personal names)"", ""language_id"": ""en"", ""list_item_id"": ""c54f3642-9f8d-475d-8c6d-b82fc4b5b853"", ""valuetype_id"": ""prefLabel""}], ""list_id"": ""36169008-3624-4589-98f8-47653f6db663""}]","[{""uri"": ""http://vocab.getty.edu/aat/300388277"", ""labels"": [{""id"": ""bf59ca74-9146-4b2e-8ba7-3d7c30791491"", ""value"": ""English (language)"", ""language_id"": ""en"", ""list_item_id"": ""38729dbe-6d1c-48ce-bf47-e2a18945600e"", ""valuetype_id"": ""prefLabel""}], ""list_id"": ""f7fc4f6d-fd46-4881-846f-4a08bc1a3fef""}]",8efdc9d4-6109-438c-b45a-456608f7255c
cae99d6d-b5f2-49ea-894a-685898af4fe7,e1d0ea1a-d770-11ef-8c40-0275dc2ded29,3fd6e10e-d8c6-11ef-9ef7-0275dc2ded29,1,8efdc9d4-6109-438c-b45a-456608f7255c,9184278d-5ead-4561-9832-c295d5f737ac,"{""en"": {""value"": ""E. Stacy"", ""direction"": ""ltr""}}","[{""uri"": ""http://vocab.getty.edu/aat/300404688"", ""labels"": [{""id"": ""0afee8eb-41fe-404b-93d8-878118d3f36b"", ""value"": ""full names (personal names)"", ""language_id"": ""en"", ""list_item_id"": ""c54f3642-9f8d-475d-8c6d-b82fc4b5b853"", ""valuetype_id"": ""prefLabel""}], ""list_id"": ""36169008-3624-4589-98f8-47653f6db663""}]","[{""uri"": ""http://vocab.getty.edu/aat/300388277"", ""labels"": [{""id"": ""bf59ca74-9146-4b2e-8ba7-3d7c30791491"", ""value"": ""English (language)"", ""language_id"": ""en"", ""list_item_id"": ""38729dbe-6d1c-48ce-bf47-e2a18945600e"", ""valuetype_id"": ""prefLabel""}], ""list_id"": ""f7fc4f6d-fd46-4881-846f-4a08bc1a3fef""}]",8efdc9d4-6109-438c-b45a-456608f7255c
10020428-68fe-4317-b6f9-293897bb4844,e1d0ea1a-d770-11ef-8c40-0275dc2ded29,3fd6e10e-d8c6-11ef-9ef7-0275dc2ded29,1,8efdc9d4-6109-438c-b45a-456608f7255c,9309f74d-d9d9-484b-9065-216e6bba87ca,"{""en"": {""value"": ""M. Derrick"", ""direction"": ""ltr""}}","[{""uri"": ""http://vocab.getty.edu/aat/300404688"", ""labels"": [{""id"": ""0afee8eb-41fe-404b-93d8-878118d3f36b"", ""value"": ""full names (personal names)"", ""language_id"": ""en"", ""list_item_id"": ""c54f3642-9f8d-475d-8c6d-b82fc4b5b853"", ""valuetype_id"": ""prefLabel""}], ""list_id"": ""36169008-3624-4589-98f8-47653f6db663""}]","[{""uri"": ""http://vocab.getty.edu/aat/300388277"", ""labels"": [{""id"": ""bf59ca74-9146-4b2e-8ba7-3d7c30791491"", ""value"": ""English (language)"", ""language_id"": ""en"", ""list_item_id"": ""38729dbe-6d1c-48ce-bf47-e2a18945600e"", ""valuetype_id"": ""prefLabel""}], ""list_id"": ""f7fc4f6d-fd46-4881-846f-4a08bc1a3fef""}]",8efdc9d4-6109-438c-b45a-456608f7255c
ed90d915-5ca2-4e4d-a333-183f34cb8be4,e1d0ea1a-d770-11ef-8c40-0275dc2ded29,3fd6e10e-d8c6-11ef-9ef7-0275dc2ded29,1,8efdc9d4-6109-438c-b45a-456608f7255c,c5a599f1-c171-4f7d-a328-b9552b5ff8aa,"{""en"": {""value"": ""Carrie Brindle"", ""direction"": ""ltr""}}","[{""uri"": ""http://vocab.getty.edu/aat/300404688"", ""labels"": [{""id"": ""0afee8eb-41fe-404b-93d8-878118d3f36b"", ""value"": ""full names (personal names)"", ""language_id"": ""en"", ""list_item_id"": ""c54f3642-9f8d-475d-8c6d-b82fc4b5b853"", ""valuetype_id"": ""prefLabel""}], ""list_id"": ""36169008-3624-4589-98f8-47653f6db663""}]","[{""uri"": ""http://vocab.getty.edu/aat/300388277"", ""labels"": [{""id"": ""bf59ca74-9146-4b2e-8ba7-3d7c30791491"", ""value"": ""English (language)"", ""language_id"": ""en"", ""list_item_id"": ""38729dbe-6d1c-48ce-bf47-e2a18945600e"", ""valuetype_id"": ""prefLabel""}], ""list_id"": ""f7fc4f6d-fd46-4881-846f-4a08bc1a3fef""}]",8efdc9d4-6109-438c-b45a-456608f7255c
41958f4e-9374-430a-abc3-82e7cf5fab71,e1d0ea1a-d770-11ef-8c40-0275dc2ded29,3fd6e10e-d8c6-11ef-9ef7-0275dc2ded29,1,8efdc9d4-6109-438c-b45a-456608f7255c,bb5d8dad-66c7-4bb2-a2d3-de534be6181f,"{""en"": {""value"": ""Casey Greet"", ""direction"": ""ltr""}}","[{""uri"": ""http://vocab.getty.edu/aat/300404688"", ""labels"": [{""id"": ""0afee8eb-41fe-404b-93d8-878118d3f36b"", ""value"": ""full names (personal names)"", ""language_id"": ""en"", ""list_item_id"": ""c54f3642-9f8d-475d-8c6d-b82fc4b5b853"", ""valuetype_id"": ""prefLabel""}], ""list_id"": ""36169008-3624-4589-98f8-47653f6db663""}]","[{""uri"": ""http://vocab.getty.edu/aat/300388277"", ""labels"": [{""id"": ""bf59ca74-9146-4b2e-8ba7-3d7c30791491"", ""value"": ""English (language)"", ""language_id"": ""en"", ""list_item_id"": ""38729dbe-6d1c-48ce-bf47-e2a18945600e"", ""valuetype_id"": ""prefLabel""}], ""list_id"": ""f7fc4f6d-fd46-4881-846f-4a08bc1a3fef""}]",8efdc9d4-6109-438c-b45a-456608f7255c
2696601e-b578-4733-b487-b7256a733748,e1d0ea1a-d770-11ef-8c40-0275dc2ded29,3fd6e10e-d8c6-11ef-9ef7-0275dc2ded29,1,8efdc9d4-6109-438c-b45a-456608f7255c,1e485d91-5dc4-4948-87c9-82ce89840335,"{""en"": {""value"": ""B. Hayden"", ""direction"": ""ltr""}}","[{""uri"": ""http://vocab.getty.edu/aat/300404688"", ""labels"": [{""id"": ""0afee8eb-41fe-404b-93d8-878118d3f36b"", ""value"": ""full names (personal names)"", ""language_id"": ""en"", ""list_item_id"": ""c54f3642-9f8d-475d-8c6d-b82fc4b5b853"", ""valuetype_id"": ""prefLabel""}], ""list_id"": ""36169008-3624-4589-98f8-47653f6db663""}]","[{""uri"": ""http://vocab.getty.edu/aat/300388277"", ""labels"": [{""id"": ""bf59ca74-9146-4b2e-8ba7-3d7c30791491"", ""value"": ""English (language)"", ""language_id"": ""en"", ""list_item_id"": ""38729dbe-6d1c-48ce-bf47-e2a18945600e"", ""valuetype_id"": ""prefLabel""}], ""list_id"": ""f7fc4f6d-fd46-4881-846f-4a08bc1a3fef""}]",8efdc9d4-6109-438c-b45a-456608f7255c
fb4021e3-3f7b-4bd3-8ee1-b3ec44449d4d,e1d0ea1a-d770-11ef-8c40-0275dc2ded29,3fd6e10e-d8c6-11ef-9ef7-0275dc2ded29,1,8efdc9d4-6109-438c-b45a-456608f7255c,84202d55-ada7-43cd-bc93-d922a0cf41fb,"{""en"": {""value"": ""Catherine Patterson"", ""direction"": ""ltr""}}","[{""uri"": ""http://vocab.getty.edu/aat/300404688"", ""labels"": [{""id"": ""0afee8eb-41fe-404b-93d8-878118d3f36b"", ""value"": ""full names (personal names)"", ""language_id"": ""en"", ""list_item_id"": ""c54f3642-9f8d-475d-8c6d-b82fc4b5b853"", ""valuetype_id"": ""prefLabel""}], ""list_id"": ""36169008-3624-4589-98f8-47653f6db663""}]","[{""uri"": ""http://vocab.getty.edu/aat/300388277"", ""labels"": [{""id"": ""bf59ca74-9146-4b2e-8ba7-3d7c30791491"", ""value"": ""English (language)"", ""language_id"": ""en"", ""list_item_id"": ""38729dbe-6d1c-48ce-bf47-e2a18945600e"", ""valuetype_id"": ""prefLabel""}], ""list_id"": ""f7fc4f6d-fd46-4881-846f-4a08bc1a3fef""}]",8efdc9d4-6109-438c-b45a-456608f7255c
e009f23b-20a5-4af6-9af5-079b9d9ae5a7,e1d0ea1a-d770-11ef-8c40-0275dc2ded29,3fd6e10e-d8c6-11ef-9ef7-0275dc2ded29,1,8efdc9d4-6109-438c-b45a-456608f7255c,044c399b-82f0-4e12-9b5d-587f3ca34295,"{""en"": {""value"": ""Mike Schilling"", ""direction"": ""ltr""}}","[{""uri"": ""http://vocab.getty.edu/aat/300404688"", ""labels"": [{""id"": ""0afee8eb-41fe-404b-93d8-878118d3f36b"", ""value"": ""full names (personal names)"", ""language_id"": ""en"", ""list_item_id"": ""c54f3642-9f8d-475d-8c6d-b82fc4b5b853"", ""valuetype_id"": ""prefLabel""}], ""list_id"": ""36169008-3624-4589-98f8-47653f6db663""}]","[{""uri"": ""http://vocab.getty.edu/aat/300388277"", ""labels"": [{""id"": ""bf59ca74-9146-4b2e-8ba7-3d7c30791491"", ""value"": ""English (language)"", ""language_id"": ""en"", ""list_item_id"": ""38729dbe-6d1c-48ce-bf47-e2a18945600e"", ""valuetype_id"": ""prefLabel""}], ""list_id"": ""f7fc4f6d-fd46-4881-846f-4a08bc1a3fef""}]",8efdc9d4-6109-438c-b45a-456608f7255c
e062ade1-5a99-4533-b5dc-d616ec380ea7,e1d0ea1a-d770-11ef-8c40-0275dc2ded29,3fd6e10e-d8c6-11ef-9ef7-0275dc2ded29,1,8efdc9d4-6109-438c-b45a-456608f7255c,667b0a8e-3aa2-4957-a706-bb34b0c33b81,"{""en"": {""value"": ""M. Bishop"", ""direction"": ""ltr""}}","[{""uri"": ""http://vocab.getty.edu/aat/300404688"", ""labels"": [{""id"": ""0afee8eb-41fe-404b-93d8-878118d3f36b"", ""value"": ""full names (personal names)"", ""language_id"": ""en"", ""list_item_id"": ""c54f3642-9f8d-475d-8c6d-b82fc4b5b853"", ""valuetype_id"": ""prefLabel""}], ""list_id"": ""36169008-3624-4589-98f8-47653f6db663""}]","[{""uri"": ""http://vocab.getty.edu/aat/300388277"", ""labels"": [{""id"": ""bf59ca74-9146-4b2e-8ba7-3d7c30791491"", ""value"": ""English (language)"", ""language_id"": ""en"", ""list_item_id"": ""38729dbe-6d1c-48ce-bf47-e2a18945600e"", ""valuetype_id"": ""prefLabel""}], ""list_id"": ""f7fc4f6d-fd46-4881-846f-4a08bc1a3fef""}]",8efdc9d4-6109-438c-b45a-456608f7255c
9ec72101-2e4a-4fed-9780-8988cdb7c7a1,e1d0ea1a-d770-11ef-8c40-0275dc2ded29,3fd6e10e-d8c6-11ef-9ef7-0275dc2ded29,1,8efdc9d4-6109-438c-b45a-456608f7255c,967e9e90-64a3-49ec-951c-0b1df794788a,"{""en"": {""value"": ""Giacomo Chiari"", ""direction"": ""ltr""}}","[{""uri"": ""http://vocab.getty.edu/aat/300404688"", ""labels"": [{""id"": ""0afee8eb-41fe-404b-93d8-878118d3f36b"", ""value"": ""full names (personal names)"", ""language_id"": ""en"", ""list_item_id"": ""c54f3642-9f8d-475d-8c6d-b82fc4b5b853"", ""valuetype_id"": ""prefLabel""}], ""list_id"": ""36169008-3624-4589-98f8-47653f6db663""}]","[{""uri"": ""http://vocab.getty.edu/aat/300388277"", ""labels"": [{""id"": ""bf59ca74-9146-4b2e-8ba7-3d7c30791491"", ""value"": ""English (language)"", ""language_id"": ""en"", ""list_item_id"": ""38729dbe-6d1c-48ce-bf47-e2a18945600e"", ""valuetype_id"": ""prefLabel""}], ""list_id"": ""f7fc4f6d-fd46-4881-846f-4a08bc1a3fef""}]",8efdc9d4-6109-438c-b45a-456608f7255c
b023bc88-6244-4aea-a721-5ecabe5f92eb,e1d0ea1a-d770-11ef-8c40-0275dc2ded29,3fd6e10e-d8c6-11ef-9ef7-0275dc2ded29,1,8efdc9d4-6109-438c-b45a-456608f7255c,ef7cd726-e580-4872-9cca-9c2af948e9c9,"{""en"": {""value"": ""Sue Gatenby"", ""direction"": ""ltr""}}","[{""uri"": ""http://vocab.getty.edu/aat/300404688"", ""labels"": [{""id"": ""0afee8eb-41fe-404b-93d8-878118d3f36b"", ""value"": ""full names (personal names)"", ""language_id"": ""en"", ""list_item_id"": ""c54f3642-9f8d-475d-8c6d-b82fc4b5b853"", ""valuetype_id"": ""prefLabel""}], ""list_id"": ""36169008-3624-4589-98f8-47653f6db663""}]","[{""uri"": ""http://vocab.getty.edu/aat/300388277"", ""labels"": [{""id"": ""bf59ca74-9146-4b2e-8ba7-3d7c30791491"", ""value"": ""English (language)"", ""language_id"": ""en"", ""list_item_id"": ""38729dbe-6d1c-48ce-bf47-e2a18945600e"", ""valuetype_id"": ""prefLabel""}], ""list_id"": ""f7fc4f6d-fd46-4881-846f-4a08bc1a3fef""}]",8efdc9d4-6109-438c-b45a-456608f7255c
be828852-1a7c-41bb-b8d3-4ab1028ccc11,e1d0ea1a-d770-11ef-8c40-0275dc2ded29,3fd6e10e-d8c6-11ef-9ef7-0275dc2ded29,1,8efdc9d4-6109-438c-b45a-456608f7255c,ce73ce54-4497-4581-996a-9bfdcbfcdc14,"{""en"": {""value"": ""Tom Learner"", ""direction"": ""ltr""}}","[{""uri"": ""http://vocab.getty.edu/aat/300404688"", ""labels"": [{""id"": ""0afee8eb-41fe-404b-93d8-878118d3f36b"", ""value"": ""full names (personal names)"", ""language_id"": ""en"", ""list_item_id"": ""c54f3642-9f8d-475d-8c6d-b82fc4b5b853"", ""valuetype_id"": ""prefLabel""}], ""list_id"": ""36169008-3624-4589-98f8-47653f6db663""}]","[{""uri"": ""http://vocab.getty.edu/aat/300388277"", ""labels"": [{""id"": ""bf59ca74-9146-4b2e-8ba7-3d7c30791491"", ""value"": ""English (language)"", ""language_id"": ""en"", ""list_item_id"": ""38729dbe-6d1c-48ce-bf47-e2a18945600e"", ""valuetype_id"": ""prefLabel""}], ""list_id"": ""f7fc4f6d-fd46-4881-846f-4a08bc1a3fef""}]",8efdc9d4-6109-438c-b45a-456608f7255c
7ed6b347-4040-4185-a80e-7da8b1611dc8,e1d0ea1a-d770-11ef-8c40-0275dc2ded29,3fd6e10e-d8c6-11ef-9ef7-0275dc2ded29,1,8efdc9d4-6109-438c-b45a-456608f7255c,60fb57fe-3a76-443e-9c3a-41a268f9eea0,"{""en"": {""value"": ""Dusan Stulik"", ""direction"": ""ltr""}}","[{""uri"": ""http://vocab.getty.edu/aat/300404688"", ""labels"": [{""id"": ""0afee8eb-41fe-404b-93d8-878118d3f36b"", ""value"": ""full names (personal names)"", ""language_id"": ""en"", ""list_item_id"": ""c54f3642-9f8d-475d-8c6d-b82fc4b5b853"", ""valuetype_id"": ""prefLabel""}], ""list_id"": ""36169008-3624-4589-98f8-47653f6db663""}]","[{""uri"": ""http://vocab.getty.edu/aat/300388277"", ""labels"": [{""id"": ""bf59ca74-9146-4b2e-8ba7-3d7c30791491"", ""value"": ""English (language)"", ""language_id"": ""en"", ""list_item_id"": ""38729dbe-6d1c-48ce-bf47-e2a18945600e"", ""valuetype_id"": ""prefLabel""}], ""list_id"": ""f7fc4f6d-fd46-4881-846f-4a08bc1a3fef""}]",8efdc9d4-6109-438c-b45a-456608f7255c
d86d62ca-65a0-4ff9-9421-8b5be00b55fb,e1d0ea1a-d770-11ef-8c40-0275dc2ded29,3fd6e10e-d8c6-11ef-9ef7-0275dc2ded29,1,8efdc9d4-6109-438c-b45a-456608f7255c,0919ba0d-2b61-45be-a931-a375a50ed781,"{""en"": {""value"": ""C. Kreul"", ""direction"": ""ltr""}}","[{""uri"": ""http://vocab.getty.edu/aat/300404688"", ""labels"": [{""id"": ""0afee8eb-41fe-404b-93d8-878118d3f36b"", ""value"": ""full names (personal names)"", ""language_id"": ""en"", ""list_item_id"": ""c54f3642-9f8d-475d-8c6d-b82fc4b5b853"", ""valuetype_id"": ""prefLabel""}], ""list_id"": ""36169008-3624-4589-98f8-47653f6db663""}]","[{""uri"": ""http://vocab.getty.edu/aat/300388277"", ""labels"": [{""id"": ""bf59ca74-9146-4b2e-8ba7-3d7c30791491"", ""value"": ""English (language)"", ""language_id"": ""en"", ""list_item_id"": ""38729dbe-6d1c-48ce-bf47-e2a18945600e"", ""valuetype_id"": ""prefLabel""}], ""list_id"": ""f7fc4f6d-fd46-4881-846f-4a08bc1a3fef""}]",8efdc9d4-6109-438c-b45a-456608f7255c
566efb28-7e44-4f6c-83fa-b8ca6db3366d,e1d0ea1a-d770-11ef-8c40-0275dc2ded29,3fd6e10e-d8c6-11ef-9ef7-0275dc2ded29,1,8efdc9d4-6109-438c-b45a-456608f7255c,93c47fa8-68b3-4ee4-9cc5-049af77a7490,"{""en"": {""value"": ""N. Barrio"", ""direction"": ""ltr""}}","[{""uri"": ""http://vocab.getty.edu/aat/300404688"", ""labels"": [{""id"": ""0afee8eb-41fe-404b-93d8-878118d3f36b"", ""value"": ""full names (personal names)"", ""language_id"": ""en"", ""list_item_id"": ""c54f3642-9f8d-475d-8c6d-b82fc4b5b853"", ""valuetype_id"": ""prefLabel""}], ""list_id"": ""36169008-3624-4589-98f8-47653f6db663""}]","[{""uri"": ""http://vocab.getty.edu/aat/300388277"", ""labels"": [{""id"": ""bf59ca74-9146-4b2e-8ba7-3d7c30791491"", ""value"": ""English (language)"", ""language_id"": ""en"", ""list_item_id"": ""38729dbe-6d1c-48ce-bf47-e2a18945600e"", ""valuetype_id"": ""prefLabel""}], ""list_id"": ""f7fc4f6d-fd46-4881-846f-4a08bc1a3fef""}]",8efdc9d4-6109-438c-b45a-456608f7255c
f7620677-1d0e-4558-ae1e-790012525971,e1d0ea1a-d770-11ef-8c40-0275dc2ded29,3fd6e10e-d8c6-11ef-9ef7-0275dc2ded29,1,8efdc9d4-6109-438c-b45a-456608f7255c,ed7d8bab-4c23-4933-84b6-760954e7389a,"{""en"": {""value"": ""Bill Ginell"", ""direction"": ""ltr""}}","[{""uri"": ""http://vocab.getty.edu/aat/300404688"", ""labels"": [{""id"": ""0afee8eb-41fe-404b-93d8-878118d3f36b"", ""value"": ""full names (personal names)"", ""language_id"": ""en"", ""list_item_id"": ""c54f3642-9f8d-475d-8c6d-b82fc4b5b853"", ""valuetype_id"": ""prefLabel""}], ""list_id"": ""36169008-3624-4589-98f8-47653f6db663""}]","[{""uri"": ""http://vocab.getty.edu/aat/300388277"", ""labels"": [{""id"": ""bf59ca74-9146-4b2e-8ba7-3d7c30791491"", ""value"": ""English (language)"", ""language_id"": ""en"", ""list_item_id"": ""38729dbe-6d1c-48ce-bf47-e2a18945600e"", ""valuetype_id"": ""prefLabel""}], ""list_id"": ""f7fc4f6d-fd46-4881-846f-4a08bc1a3fef""}]",8efdc9d4-6109-438c-b45a-456608f7255c
f8df6aa1-7f8f-4552-af9a-6e069c8997e9,e1d0ea1a-d770-11ef-8c40-0275dc2ded29,3fd6e10e-d8c6-11ef-9ef7-0275dc2ded29,1,8efdc9d4-6109-438c-b45a-456608f7255c,8adcd5c5-4db7-4350-9b00-d39390882dd5,"{""en"": {""value"": ""H. Florsheim"", ""direction"": ""ltr""}}","[{""uri"": ""http://vocab.getty.edu/aat/300404688"", ""labels"": [{""id"": ""0afee8eb-41fe-404b-93d8-878118d3f36b"", ""value"": ""full names (personal names)"", ""language_id"": ""en"", ""list_item_id"": ""c54f3642-9f8d-475d-8c6d-b82fc4b5b853"", ""valuetype_id"": ""prefLabel""}], ""list_id"": ""36169008-3624-4589-98f8-47653f6db663""}]","[{""uri"": ""http://vocab.getty.edu/aat/300388277"", ""labels"": [{""id"": ""bf59ca74-9146-4b2e-8ba7-3d7c30791491"", ""value"": ""English (language)"", ""language_id"": ""en"", ""list_item_id"": ""38729dbe-6d1c-48ce-bf47-e2a18945600e"", ""valuetype_id"": ""prefLabel""}], ""list_id"": ""f7fc4f6d-fd46-4881-846f-4a08bc1a3fef""}]",8efdc9d4-6109-438c-b45a-456608f7255c
6f2b58ac-3b7c-4159-aa54-60a5d015d57c,e1d0ea1a-d770-11ef-8c40-0275dc2ded29,3fd6e10e-d8c6-11ef-9ef7-0275dc2ded29,1,8efdc9d4-6109-438c-b45a-456608f7255c,40840eb9-3f42-404d-925c-5e4a9fbbbee5,"{""en"": {""value"": ""W.E. Roth"", ""direction"": ""ltr""}}","[{""uri"": ""http://vocab.getty.edu/aat/300404688"", ""labels"": [{""id"": ""0afee8eb-41fe-404b-93d8-878118d3f36b"", ""value"": ""full names (personal names)"", ""language_id"": ""en"", ""list_item_id"": ""c54f3642-9f8d-475d-8c6d-b82fc4b5b853"", ""valuetype_id"": ""prefLabel""}], ""list_id"": ""36169008-3624-4589-98f8-47653f6db663""}]","[{""uri"": ""http://vocab.getty.edu/aat/300388277"", ""labels"": [{""id"": ""bf59ca74-9146-4b2e-8ba7-3d7c30791491"", ""value"": ""English (language)"", ""language_id"": ""en"", ""list_item_id"": ""38729dbe-6d1c-48ce-bf47-e2a18945600e"", ""valuetype_id"": ""prefLabel""}], ""list_id"": ""f7fc4f6d-fd46-4881-846f-4a08bc1a3fef""}]",8efdc9d4-6109-438c-b45a-456608f7255c
c1da414b-3a08-4915-893e-81e9e495844d,e1d0ea1a-d770-11ef-8c40-0275dc2ded29,3fd6e10e-d8c6-11ef-9ef7-0275dc2ded29,1,8efdc9d4-6109-438c-b45a-456608f7255c,0ac3f417-4ae9-4efe-93c3-f15c909325ee,"{""en"": {""value"": ""M. Striegel"", ""direction"": ""ltr""}}","[{""uri"": ""http://vocab.getty.edu/aat/300404688"", ""labels"": [{""id"": ""0afee8eb-41fe-404b-93d8-878118d3f36b"", ""value"": ""full names (personal names)"", ""language_id"": ""en"", ""list_item_id"": ""c54f3642-9f8d-475d-8c6d-b82fc4b5b853"", ""valuetype_id"": ""prefLabel""}], ""list_id"": ""36169008-3624-4589-98f8-47653f6db663""}]","[{""uri"": ""http://vocab.getty.edu/aat/300388277"", ""labels"": [{""id"": ""bf59ca74-9146-4b2e-8ba7-3d7c30791491"", ""value"": ""English (language)"", ""language_id"": ""en"", ""list_item_id"": ""38729dbe-6d1c-48ce-bf47-e2a18945600e"", ""valuetype_id"": ""prefLabel""}], ""list_id"": ""f7fc4f6d-fd46-4881-846f-4a08bc1a3fef""}]",8efdc9d4-6109-438c-b45a-456608f7255c
7f59d2a1-08c2-4489-ac96-93d84194a277,e1d0ea1a-d770-11ef-8c40-0275dc2ded29,3fd6e10e-d8c6-11ef-9ef7-0275dc2ded29,1,8efdc9d4-6109-438c-b45a-456608f7255c,b5a53b90-7338-4587-9c52-2490ff3103b7,"{""en"": {""value"": ""M. Corzo"", ""direction"": ""ltr""}}","[{""uri"": ""http://vocab.getty.edu/aat/300404688"", ""labels"": [{""id"": ""0afee8eb-41fe-404b-93d8-878118d3f36b"", ""value"": ""full names (personal names)"", ""language_id"": ""en"", ""list_item_id"": ""c54f3642-9f8d-475d-8c6d-b82fc4b5b853"", ""valuetype_id"": ""prefLabel""}], ""list_id"": ""36169008-3624-4589-98f8-47653f6db663""}]","[{""uri"": ""http://vocab.getty.edu/aat/300388277"", ""labels"": [{""id"": ""bf59ca74-9146-4b2e-8ba7-3d7c30791491"", ""value"": ""English (language)"", ""language_id"": ""en"", ""list_item_id"": ""38729dbe-6d1c-48ce-bf47-e2a18945600e"", ""valuetype_id"": ""prefLabel""}], ""list_id"": ""f7fc4f6d-fd46-4881-846f-4a08bc1a3fef""}]",8efdc9d4-6109-438c-b45a-456608f7255c
973786e7-0420-49c1-8d70-9d03550399f6,e1d0ea1a-d770-11ef-8c40-0275dc2ded29,3fd6e10e-d8c6-11ef-9ef7-0275dc2ded29,1,8efdc9d4-6109-438c-b45a-456608f7255c,6ca3e239-a6c3-429e-83a1-a1d4e3e314d7,"{""en"": {""value"": ""M. Gergen"", ""direction"": ""ltr""}}","[{""uri"": ""http://vocab.getty.edu/aat/300404688"", ""labels"": [{""id"": ""0afee8eb-41fe-404b-93d8-878118d3f36b"", ""value"": ""full names (personal names)"", ""language_id"": ""en"", ""list_item_id"": ""c54f3642-9f8d-475d-8c6d-b82fc4b5b853"", ""valuetype_id"": ""prefLabel""}], ""list_id"": ""36169008-3624-4589-98f8-47653f6db663""}]","[{""uri"": ""http://vocab.getty.edu/aat/300388277"", ""labels"": [{""id"": ""bf59ca74-9146-4b2e-8ba7-3d7c30791491"", ""value"": ""English (language)"", ""language_id"": ""en"", ""list_item_id"": ""38729dbe-6d1c-48ce-bf47-e2a18945600e"", ""valuetype_id"": ""prefLabel""}], ""list_id"": ""f7fc4f6d-fd46-4881-846f-4a08bc1a3fef""}]",8efdc9d4-6109-438c-b45a-456608f7255c
c6085eaf-ea80-4c3e-8ab2-292e07d2b093,e1d0ea1a-d770-11ef-8c40-0275dc2ded29,3fd6e10e-d8c6-11ef-9ef7-0275dc2ded29,1,8efdc9d4-6109-438c-b45a-456608f7255c,2120a825-0c62-4246-bd00-8f1d0ce2903d,"{""en"": {""value"": ""R. Navarro"", ""direction"": ""ltr""}}","[{""uri"": ""http://vocab.getty.edu/aat/300404688"", ""labels"": [{""id"": ""0afee8eb-41fe-404b-93d8-878118d3f36b"", ""value"": ""full names (personal names)"", ""language_id"": ""en"", ""list_item_id"": ""c54f3642-9f8d-475d-8c6d-b82fc4b5b853"", ""valuetype_id"": ""prefLabel""}], ""list_id"": ""36169008-3624-4589-98f8-47653f6db663""}]","[{""uri"": ""http://vocab.getty.edu/aat/300388277"", ""labels"": [{""id"": ""bf59ca74-9146-4b2e-8ba7-3d7c30791491"", ""value"": ""English (language)"", ""language_id"": ""en"", ""list_item_id"": ""38729dbe-6d1c-48ce-bf47-e2a18945600e"", ""valuetype_id"": ""prefLabel""}], ""list_id"": ""f7fc4f6d-fd46-4881-846f-4a08bc1a3fef""}]",8efdc9d4-6109-438c-b45a-456608f7255c
3bba6349-c945-4dbb-a3c3-129dcae30f8a,e1d0ea1a-d770-11ef-8c40-0275dc2ded29,3fd6e10e-d8c6-11ef-9ef7-0275dc2ded29,1,8efdc9d4-6109-438c-b45a-456608f7255c,64392fdc-be4f-44a7-a815-2f6197ee918e,"{""en"": {""value"": ""M. Saltzman"", ""direction"": ""ltr""}}","[{""uri"": ""http://vocab.getty.edu/aat/300404688"", ""labels"": [{""id"": ""0afee8eb-41fe-404b-93d8-878118d3f36b"", ""value"": ""full names (personal names)"", ""language_id"": ""en"", ""list_item_id"": ""c54f3642-9f8d-475d-8c6d-b82fc4b5b853"", ""valuetype_id"": ""prefLabel""}], ""list_id"": ""36169008-3624-4589-98f8-47653f6db663""}]","[{""uri"": ""http://vocab.getty.edu/aat/300388277"", ""labels"": [{""id"": ""bf59ca74-9146-4b2e-8ba7-3d7c30791491"", ""value"": ""English (language)"", ""language_id"": ""en"", ""list_item_id"": ""38729dbe-6d1c-48ce-bf47-e2a18945600e"", ""valuetype_id"": ""prefLabel""}], ""list_id"": ""f7fc4f6d-fd46-4881-846f-4a08bc1a3fef""}]",8efdc9d4-6109-438c-b45a-456608f7255c
93ac1f93-b1db-4b9a-af73-a964a0e97977,e1d0ea1a-d770-11ef-8c40-0275dc2ded29,3fd6e10e-d8c6-11ef-9ef7-0275dc2ded29,1,8efdc9d4-6109-438c-b45a-456608f7255c,4b886015-77d2-4cb9-adcc-77474edc6012,"{""en"": {""value"": ""Cecily Grzywacz"", ""direction"": ""ltr""}}","[{""uri"": ""http://vocab.getty.edu/aat/300404688"", ""labels"": [{""id"": ""0afee8eb-41fe-404b-93d8-878118d3f36b"", ""value"": ""full names (personal names)"", ""language_id"": ""en"", ""list_item_id"": ""c54f3642-9f8d-475d-8c6d-b82fc4b5b853"", ""valuetype_id"": ""prefLabel""}], ""list_id"": ""36169008-3624-4589-98f8-47653f6db663""}]","[{""uri"": ""http://vocab.getty.edu/aat/300388277"", ""labels"": [{""id"": ""bf59ca74-9146-4b2e-8ba7-3d7c30791491"", ""value"": ""English (language)"", ""language_id"": ""en"", ""list_item_id"": ""38729dbe-6d1c-48ce-bf47-e2a18945600e"", ""valuetype_id"": ""prefLabel""}], ""list_id"": ""f7fc4f6d-fd46-4881-846f-4a08bc1a3fef""}]",8efdc9d4-6109-438c-b45a-456608f7255c
9d95a87a-3892-4f3b-8870-ba762641d45c,e1d0ea1a-d770-11ef-8c40-0275dc2ded29,3fd6e10e-d8c6-11ef-9ef7-0275dc2ded29,1,8efdc9d4-6109-438c-b45a-456608f7255c,ba9871c1-5ea7-4d60-9724-f52a0cecf44b,"{""en"": {""value"": ""J. Keeney"", ""direction"": ""ltr""}}","[{""uri"": ""http://vocab.getty.edu/aat/300404688"", ""labels"": [{""id"": ""0afee8eb-41fe-404b-93d8-878118d3f36b"", ""value"": ""full names (personal names)"", ""language_id"": ""en"", ""list_item_id"": ""c54f3642-9f8d-475d-8c6d-b82fc4b5b853"", ""valuetype_id"": ""prefLabel""}], ""list_id"": ""36169008-3624-4589-98f8-47653f6db663""}]","[{""uri"": ""http://vocab.getty.edu/aat/300388277"", ""labels"": [{""id"": ""bf59ca74-9146-4b2e-8ba7-3d7c30791491"", ""value"": ""English (language)"", ""language_id"": ""en"", ""list_item_id"": ""38729dbe-6d1c-48ce-bf47-e2a18945600e"", ""valuetype_id"": ""prefLabel""}], ""list_id"": ""f7fc4f6d-fd46-4881-846f-4a08bc1a3fef""}]",8efdc9d4-6109-438c-b45a-456608f7255c
071fe7c7-535f-4964-a230-c1fc1463f588,e1d0ea1a-d770-11ef-8c40-0275dc2ded29,3fd6e10e-d8c6-11ef-9ef7-0275dc2ded29,1,8efdc9d4-6109-438c-b45a-456608f7255c,c7ca80b2-dcb2-412e-a8ae-3bd3adc78890,"{""en"": {""value"": ""S. Maekawa"", ""direction"": ""ltr""}}","[{""uri"": ""http://vocab.getty.edu/aat/300404688"", ""labels"": [{""id"": ""0afee8eb-41fe-404b-93d8-878118d3f36b"", ""value"": ""full names (personal names)"", ""language_id"": ""en"", ""list_item_id"": ""c54f3642-9f8d-475d-8c6d-b82fc4b5b853"", ""valuetype_id"": ""prefLabel""}], ""list_id"": ""36169008-3624-4589-98f8-47653f6db663""}]","[{""uri"": ""http://vocab.getty.edu/aat/300388277"", ""labels"": [{""id"": ""bf59ca74-9146-4b2e-8ba7-3d7c30791491"", ""value"": ""English (language)"", ""language_id"": ""en"", ""list_item_id"": ""38729dbe-6d1c-48ce-bf47-e2a18945600e"", ""valuetype_id"": ""prefLabel""}], ""list_id"": ""f7fc4f6d-fd46-4881-846f-4a08bc1a3fef""}]",8efdc9d4-6109-438c-b45a-456608f7255c
1a801942-cb23-4bfc-b802-82e996b438f7,e1d0ea1a-d770-11ef-8c40-0275dc2ded29,3fd6e10e-d8c6-11ef-9ef7-0275dc2ded29,1,8efdc9d4-6109-438c-b45a-456608f7255c,b2ea81ba-adca-4731-8f18-52353cdce4d1,"{""en"": {""value"": ""M. Komsky"", ""direction"": ""ltr""}}","[{""uri"": ""http://vocab.getty.edu/aat/300404688"", ""labels"": [{""id"": ""0afee8eb-41fe-404b-93d8-878118d3f36b"", ""value"": ""full names (personal names)"", ""language_id"": ""en"", ""list_item_id"": ""c54f3642-9f8d-475d-8c6d-b82fc4b5b853"", ""valuetype_id"": ""prefLabel""}], ""list_id"": ""36169008-3624-4589-98f8-47653f6db663""}]","[{""uri"": ""http://vocab.getty.edu/aat/300388277"", ""labels"": [{""id"": ""bf59ca74-9146-4b2e-8ba7-3d7c30791491"", ""value"": ""English (language)"", ""language_id"": ""en"", ""list_item_id"": ""38729dbe-6d1c-48ce-bf47-e2a18945600e"", ""valuetype_id"": ""prefLabel""}], ""list_id"": ""f7fc4f6d-fd46-4881-846f-4a08bc1a3fef""}]",8efdc9d4-6109-438c-b45a-456608f7255c
8e581519-3cde-4d54-bb4b-09d76a6aa8c7,e1d0ea1a-d770-11ef-8c40-0275dc2ded29,3fd6e10e-d8c6-11ef-9ef7-0275dc2ded29,1,8efdc9d4-6109-438c-b45a-456608f7255c,06cbea29-7280-4da7-8e4c-b56efcefd1fa,"{""en"": {""value"": ""Bettina Leopoldo"", ""direction"": ""ltr""}}","[{""uri"": ""http://vocab.getty.edu/aat/300404688"", ""labels"": [{""id"": ""0afee8eb-41fe-404b-93d8-878118d3f36b"", ""value"": ""full names (personal names)"", ""language_id"": ""en"", ""list_item_id"": ""c54f3642-9f8d-475d-8c6d-b82fc4b5b853"", ""valuetype_id"": ""prefLabel""}], ""list_id"": ""36169008-3624-4589-98f8-47653f6db663""}]","[{""uri"": ""http://vocab.getty.edu/aat/300388277"", ""labels"": [{""id"": ""bf59ca74-9146-4b2e-8ba7-3d7c30791491"", ""value"": ""English (language)"", ""language_id"": ""en"", ""list_item_id"": ""38729dbe-6d1c-48ce-bf47-e2a18945600e"", ""valuetype_id"": ""prefLabel""}], ""list_id"": ""f7fc4f6d-fd46-4881-846f-4a08bc1a3fef""}]",8efdc9d4-6109-438c-b45a-456608f7255c
c9726863-0112-4770-aeac-c741cc4a9c0e,e1d0ea1a-d770-11ef-8c40-0275dc2ded29,3fd6e10e-d8c6-11ef-9ef7-0275dc2ded29,1,8efdc9d4-6109-438c-b45a-456608f7255c,832b88f8-4315-4528-abee-58b61f96d0a6,"{""en"": {""value"": ""Z. Pinney"", ""direction"": ""ltr""}}","[{""uri"": ""http://vocab.getty.edu/aat/300404688"", ""labels"": [{""id"": ""0afee8eb-41fe-404b-93d8-878118d3f36b"", ""value"": ""full names (personal names)"", ""language_id"": ""en"", ""list_item_id"": ""c54f3642-9f8d-475d-8c6d-b82fc4b5b853"", ""valuetype_id"": ""prefLabel""}], ""list_id"": ""36169008-3624-4589-98f8-47653f6db663""}]","[{""uri"": ""http://vocab.getty.edu/aat/300388277"", ""labels"": [{""id"": ""bf59ca74-9146-4b2e-8ba7-3d7c30791491"", ""value"": ""English (language)"", ""language_id"": ""en"", ""list_item_id"": ""38729dbe-6d1c-48ce-bf47-e2a18945600e"", ""valuetype_id"": ""prefLabel""}], ""list_id"": ""f7fc4f6d-fd46-4881-846f-4a08bc1a3fef""}]",8efdc9d4-6109-438c-b45a-456608f7255c
1b400ae0-8076-4b3c-b6b9-c6732e93d98c,e1d0ea1a-d770-11ef-8c40-0275dc2ded29,3fd6e10e-d8c6-11ef-9ef7-0275dc2ded29,1,8efdc9d4-6109-438c-b45a-456608f7255c,2ff8899f-681d-41ce-baba-893c7b37e804,"{""en"": {""value"": ""A. Wallert"", ""direction"": ""ltr""}}","[{""uri"": ""http://vocab.getty.edu/aat/300404688"", ""labels"": [{""id"": ""0afee8eb-41fe-404b-93d8-878118d3f36b"", ""value"": ""full names (personal names)"", ""language_id"": ""en"", ""list_item_id"": ""c54f3642-9f8d-475d-8c6d-b82fc4b5b853"", ""valuetype_id"": ""prefLabel""}], ""list_id"": ""36169008-3624-4589-98f8-47653f6db663""}]","[{""uri"": ""http://vocab.getty.edu/aat/300388277"", ""labels"": [{""id"": ""bf59ca74-9146-4b2e-8ba7-3d7c30791491"", ""value"": ""English (language)"", ""language_id"": ""en"", ""list_item_id"": ""38729dbe-6d1c-48ce-bf47-e2a18945600e"", ""valuetype_id"": ""prefLabel""}], ""list_id"": ""f7fc4f6d-fd46-4881-846f-4a08bc1a3fef""}]",8efdc9d4-6109-438c-b45a-456608f7255c
0db8a4af-7ae2-4e57-b404-db0f1471576b,e1d0ea1a-d770-11ef-8c40-0275dc2ded29,3fd6e10e-d8c6-11ef-9ef7-0275dc2ded29,1,8efdc9d4-6109-438c-b45a-456608f7255c,4a4e60da-6c67-499e-bab5-dd231784bfa5,"{""en"": {""value"": ""Jesus Jimenez"", ""direction"": ""ltr""}}","[{""uri"": ""http://vocab.getty.edu/aat/300404688"", ""labels"": [{""id"": ""0afee8eb-41fe-404b-93d8-878118d3f36b"", ""value"": ""full names (personal names)"", ""language_id"": ""en"", ""list_item_id"": ""c54f3642-9f8d-475d-8c6d-b82fc4b5b853"", ""valuetype_id"": ""prefLabel""}], ""list_id"": ""36169008-3624-4589-98f8-47653f6db663""}]","[{""uri"": ""http://vocab.getty.edu/aat/300388277"", ""labels"": [{""id"": ""bf59ca74-9146-4b2e-8ba7-3d7c30791491"", ""value"": ""English (language)"", ""language_id"": ""en"", ""list_item_id"": ""38729dbe-6d1c-48ce-bf47-e2a18945600e"", ""valuetype_id"": ""prefLabel""}], ""list_id"": ""f7fc4f6d-fd46-4881-846f-4a08bc1a3fef""}]",8efdc9d4-6109-438c-b45a-456608f7255c
2dfdec6a-06f8-4b4d-8fd0-67ebd5c92c48,e1d0ea1a-d770-11ef-8c40-0275dc2ded29,3fd6e10e-d8c6-11ef-9ef7-0275dc2ded29,1,8efdc9d4-6109-438c-b45a-456608f7255c,18076d6f-d337-4967-b0e6-0f59f4978e0e,"{""en"": {""value"": ""Roberta Renz"", ""direction"": ""ltr""}}","[{""uri"": ""http://vocab.getty.edu/aat/300404688"", ""labels"": [{""id"": ""0afee8eb-41fe-404b-93d8-878118d3f36b"", ""value"": ""full names (personal names)"", ""language_id"": ""en"", ""list_item_id"": ""c54f3642-9f8d-475d-8c6d-b82fc4b5b853"", ""valuetype_id"": ""prefLabel""}], ""list_id"": ""36169008-3624-4589-98f8-47653f6db663""}]","[{""uri"": ""http://vocab.getty.edu/aat/300388277"", ""labels"": [{""id"": ""bf59ca74-9146-4b2e-8ba7-3d7c30791491"", ""value"": ""English (language)"", ""language_id"": ""en"", ""list_item_id"": ""38729dbe-6d1c-48ce-bf47-e2a18945600e"", ""valuetype_id"": ""prefLabel""}], ""list_id"": ""f7fc4f6d-fd46-4881-846f-4a08bc1a3fef""}]",8efdc9d4-6109-438c-b45a-456608f7255c
78681788-2c10-4c99-a8f9-a6cceec26fdb,e1d0ea1a-d770-11ef-8c40-0275dc2ded29,3fd6e10e-d8c6-11ef-9ef7-0275dc2ded29,1,8efdc9d4-6109-438c-b45a-456608f7255c,f85a4d02-e312-4e26-990a-ecd8ade7d385,"{""en"": {""value"": ""F. Lambert"", ""direction"": ""ltr""}}","[{""uri"": ""http://vocab.getty.edu/aat/300404688"", ""labels"": [{""id"": ""0afee8eb-41fe-404b-93d8-878118d3f36b"", ""value"": ""full names (personal names)"", ""language_id"": ""en"", ""list_item_id"": ""c54f3642-9f8d-475d-8c6d-b82fc4b5b853"", ""valuetype_id"": ""prefLabel""}], ""list_id"": ""36169008-3624-4589-98f8-47653f6db663""}]","[{""uri"": ""http://vocab.getty.edu/aat/300388277"", ""labels"": [{""id"": ""bf59ca74-9146-4b2e-8ba7-3d7c30791491"", ""value"": ""English (language)"", ""language_id"": ""en"", ""list_item_id"": ""38729dbe-6d1c-48ce-bf47-e2a18945600e"", ""valuetype_id"": ""prefLabel""}], ""list_id"": ""f7fc4f6d-fd46-4881-846f-4a08bc1a3fef""}]",8efdc9d4-6109-438c-b45a-456608f7255c
97ffe00b-f818-47f9-bd67-0554d24e34b2,e1d0ea1a-d770-11ef-8c40-0275dc2ded29,3fd6e10e-d8c6-11ef-9ef7-0275dc2ded29,1,8efdc9d4-6109-438c-b45a-456608f7255c,da690415-72ee-423d-b69d-0f119b27053d,"{""en"": {""value"": ""Dr. Alfred Janata"", ""direction"": ""ltr""}}","[{""uri"": ""http://vocab.getty.edu/aat/300404688"", ""labels"": [{""id"": ""0afee8eb-41fe-404b-93d8-878118d3f36b"", ""value"": ""full names (personal names)"", ""language_id"": ""en"", ""list_item_id"": ""c54f3642-9f8d-475d-8c6d-b82fc4b5b853"", ""valuetype_id"": ""prefLabel""}], ""list_id"": ""36169008-3624-4589-98f8-47653f6db663""}]","[{""uri"": ""http://vocab.getty.edu/aat/300388277"", ""labels"": [{""id"": ""bf59ca74-9146-4b2e-8ba7-3d7c30791491"", ""value"": ""English (language)"", ""language_id"": ""en"", ""list_item_id"": ""38729dbe-6d1c-48ce-bf47-e2a18945600e"", ""valuetype_id"": ""prefLabel""}], ""list_id"": ""f7fc4f6d-fd46-4881-846f-4a08bc1a3fef""}]",8efdc9d4-6109-438c-b45a-456608f7255c
9d10f7ee-eaca-4385-882b-a8b45f411d52,e1d0ea1a-d770-11ef-8c40-0275dc2ded29,3fd6e10e-d8c6-11ef-9ef7-0275dc2ded29,1,8efdc9d4-6109-438c-b45a-456608f7255c,95889296-e567-4cdd-bf3c-095a909b8d1a,"{""en"": {""value"": ""T. Kieslich"", ""direction"": ""ltr""}}","[{""uri"": ""http://vocab.getty.edu/aat/300404688"", ""labels"": [{""id"": ""0afee8eb-41fe-404b-93d8-878118d3f36b"", ""value"": ""full names (personal names)"", ""language_id"": ""en"", ""list_item_id"": ""c54f3642-9f8d-475d-8c6d-b82fc4b5b853"", ""valuetype_id"": ""prefLabel""}], ""list_id"": ""36169008-3624-4589-98f8-47653f6db663""}]","[{""uri"": ""http://vocab.getty.edu/aat/300388277"", ""labels"": [{""id"": ""bf59ca74-9146-4b2e-8ba7-3d7c30791491"", ""value"": ""English (language)"", ""language_id"": ""en"", ""list_item_id"": ""38729dbe-6d1c-48ce-bf47-e2a18945600e"", ""valuetype_id"": ""prefLabel""}], ""list_id"": ""f7fc4f6d-fd46-4881-846f-4a08bc1a3fef""}]",8efdc9d4-6109-438c-b45a-456608f7255c
3bead1a3-c07e-41a6-a359-0a1038dec4b5,e1d0ea1a-d770-11ef-8c40-0275dc2ded29,3fd6e10e-d8c6-11ef-9ef7-0275dc2ded29,1,8efdc9d4-6109-438c-b45a-456608f7255c,9c9ff901-cb60-4f5c-83c9-640943063470,"{""en"": {""value"": ""A. Rothe"", ""direction"": ""ltr""}}","[{""uri"": ""http://vocab.getty.edu/aat/300404688"", ""labels"": [{""id"": ""0afee8eb-41fe-404b-93d8-878118d3f36b"", ""value"": ""full names (personal names)"", ""language_id"": ""en"", ""list_item_id"": ""c54f3642-9f8d-475d-8c6d-b82fc4b5b853"", ""valuetype_id"": ""prefLabel""}], ""list_id"": ""36169008-3624-4589-98f8-47653f6db663""}]","[{""uri"": ""http://vocab.getty.edu/aat/300388277"", ""labels"": [{""id"": ""bf59ca74-9146-4b2e-8ba7-3d7c30791491"", ""value"": ""English (language)"", ""language_id"": ""en"", ""list_item_id"": ""38729dbe-6d1c-48ce-bf47-e2a18945600e"", ""valuetype_id"": ""prefLabel""}], ""list_id"": ""f7fc4f6d-fd46-4881-846f-4a08bc1a3fef""}]",8efdc9d4-6109-438c-b45a-456608f7255c
adc545a8-f16e-4fbd-adb7-00caeeb37eee,e1d0ea1a-d770-11ef-8c40-0275dc2ded29,3fd6e10e-d8c6-11ef-9ef7-0275dc2ded29,1,8efdc9d4-6109-438c-b45a-456608f7255c,451221f2-18e1-4d16-b377-40f34cdadb14,"{""en"": {""value"": ""N. Agnew"", ""direction"": ""ltr""}}","[{""uri"": ""http://vocab.getty.edu/aat/300404688"", ""labels"": [{""id"": ""0afee8eb-41fe-404b-93d8-878118d3f36b"", ""value"": ""full names (personal names)"", ""language_id"": ""en"", ""list_item_id"": ""c54f3642-9f8d-475d-8c6d-b82fc4b5b853"", ""valuetype_id"": ""prefLabel""}], ""list_id"": ""36169008-3624-4589-98f8-47653f6db663""}]","[{""uri"": ""http://vocab.getty.edu/aat/300388277"", ""labels"": [{""id"": ""bf59ca74-9146-4b2e-8ba7-3d7c30791491"", ""value"": ""English (language)"", ""language_id"": ""en"", ""list_item_id"": ""38729dbe-6d1c-48ce-bf47-e2a18945600e"", ""valuetype_id"": ""prefLabel""}], ""list_id"": ""f7fc4f6d-fd46-4881-846f-4a08bc1a3fef""}]",8efdc9d4-6109-438c-b45a-456608f7255c
