resourceinstanceid,graphid,graphpublicationid,principaluser_id,transactionid,specific_place_tileid,specific_place_name_content,specific_place_name_type,specific_place_name_language,specific_place_transactionid,statement_tileid,statement_statement_content,statement_statement_type_metatype,statement_statement_type,statement_statement_language,statement_transactionid,specific_place_uri_tileid,specific_place_uri_external_uri,specific_place_uri_transactionid,geo_point_tileid,geo_point_defined_by,geo_point_transactionid
13334d9b-984b-476b-a8e9-16783a549763,3dda9f54-d771-11ef-825b-0275dc2ded29,a3e9145b-ba55-4793-a0fa-189e0f404ca7,1,723b9446-9488-4df9-a4e3-ed18041c2632,1f752e2e-832a-4e6e-8897-4069ab3684b8,"{""en"": {""value"": ""Syria"", ""direction"": ""ltr""}}","[{""uri"": ""http://vocab.getty.edu/aat/300404670"", ""labels"": [{""id"": ""fd678ab3-39ae-44c8-b4dd-3dd3f94969be"", ""value"": ""preferred terms"", ""language_id"": ""en"", ""list_item_id"": ""5f400d39-3b6b-4b8a-939b-4e49787c7444"", ""valuetype_id"": ""prefLabel""}], ""list_id"": ""80028d07-9c98-48cf-84db-f77bc01c8bbc""}]","[{""uri"": ""http://vocab.getty.edu/aat/300388277"", ""labels"": [{""id"": ""bf59ca74-9146-4b2e-8ba7-3d7c30791491"", ""value"": ""English (language)"", ""language_id"": ""en"", ""list_item_id"": ""38729dbe-6d1c-48ce-bf47-e2a18945600e"", ""valuetype_id"": ""prefLabel""}], ""list_id"": ""f7fc4f6d-fd46-4881-846f-4a08bc1a3fef""}]",723b9446-9488-4df9-a4e3-ed18041c2632,9a07c8b1-602b-4fd6-b53a-44cfd796f654,"{""en"": {""value"": ""Syria (URI: https://www.geonames.org/163843)"", ""direction"": ""ltr""}}","[{""uri"": ""http://vocab.getty.edu/aat/300418049"", ""labels"": [{""id"": ""2eb85efc-f3c4-492b-8822-4bf1d02287b5"", ""value"": ""brief text"", ""language_id"": ""en"", ""list_item_id"": ""afd2413e-1bbd-42c2-b261-5943ac931f46"", ""valuetype_id"": ""prefLabel""}], ""list_id"": ""c82d6f85-ae67-4c28-b07a-c114f6d6ba50""}]","[{""uri"": ""http://vocab.getty.edu/aat/300418049"", ""labels"": [{""id"": ""3acb57b7-6fda-4026-8a85-83535ccda5e0"", ""value"": ""brief text"", ""language_id"": ""en"", ""list_item_id"": ""86c90464-5ad0-490a-b281-24df80e671ac"", ""valuetype_id"": ""prefLabel""}], ""list_id"": ""f44f7240-35c5-49e8-a0e3-2ffe308f0862""}, {""uri"": ""http://vocab.getty.edu/aat/300404764"", ""labels"": [{""id"": ""47ede06f-c927-415a-8b56-0a2fe5be8fa7"", ""value"": ""sources (general concept)"", ""language_id"": ""en"", ""list_item_id"": ""8abfbb19-3845-4510-8af5-60d82f4f9beb"", ""valuetype_id"": ""prefLabel""}], ""list_id"": ""f44f7240-35c5-49e8-a0e3-2ffe308f0862""}]","[{""uri"": ""http://vocab.getty.edu/aat/300388277"", ""labels"": [{""id"": ""bf59ca74-9146-4b2e-8ba7-3d7c30791491"", ""value"": ""English (language)"", ""language_id"": ""en"", ""list_item_id"": ""38729dbe-6d1c-48ce-bf47-e2a18945600e"", ""valuetype_id"": ""prefLabel""}], ""list_id"": ""f7fc4f6d-fd46-4881-846f-4a08bc1a3fef""}]",723b9446-9488-4df9-a4e3-ed18041c2632,7da1237e-73d5-4633-8acd-c2e2ea5fcf67,"{""en"": {""value"": ""https://www.geonames.org/163843"", ""direction"": ""ltr""}}",723b9446-9488-4df9-a4e3-ed18041c2632,0f0b5d2c-d778-4983-bee2-7b0e930e8af9,"{""type"": ""Point"", ""coordinates"": [35, 38]}",723b9446-9488-4df9-a4e3-ed18041c2632
60ea2328-4d58-426a-8694-b083da0ef4f4,3dda9f54-d771-11ef-825b-0275dc2ded29,a3e9145b-ba55-4793-a0fa-189e0f404ca7,1,723b9446-9488-4df9-a4e3-ed18041c2632,794588a4-4290-4c87-96a7-3331a7583d2e,"{""en"": {""value"": ""Iraq"", ""direction"": ""ltr""}}","[{""uri"": ""http://vocab.getty.edu/aat/300404670"", ""labels"": [{""id"": ""fd678ab3-39ae-44c8-b4dd-3dd3f94969be"", ""value"": ""preferred terms"", ""language_id"": ""en"", ""list_item_id"": ""5f400d39-3b6b-4b8a-939b-4e49787c7444"", ""valuetype_id"": ""prefLabel""}], ""list_id"": ""80028d07-9c98-48cf-84db-f77bc01c8bbc""}]","[{""uri"": ""http://vocab.getty.edu/aat/300388277"", ""labels"": [{""id"": ""bf59ca74-9146-4b2e-8ba7-3d7c30791491"", ""value"": ""English (language)"", ""language_id"": ""en"", ""list_item_id"": ""38729dbe-6d1c-48ce-bf47-e2a18945600e"", ""valuetype_id"": ""prefLabel""}], ""list_id"": ""f7fc4f6d-fd46-4881-846f-4a08bc1a3fef""}]",723b9446-9488-4df9-a4e3-ed18041c2632,234b3ae7-2e50-43a0-9384-1e4bf3f0a62b,"{""en"": {""value"": ""Iraq (URI: https://www.geonames.org/99237)"", ""direction"": ""ltr""}}","[{""uri"": ""http://vocab.getty.edu/aat/300418049"", ""labels"": [{""id"": ""2eb85efc-f3c4-492b-8822-4bf1d02287b5"", ""value"": ""brief text"", ""language_id"": ""en"", ""list_item_id"": ""afd2413e-1bbd-42c2-b261-5943ac931f46"", ""valuetype_id"": ""prefLabel""}], ""list_id"": ""c82d6f85-ae67-4c28-b07a-c114f6d6ba50""}]","[{""uri"": ""http://vocab.getty.edu/aat/300418049"", ""labels"": [{""id"": ""3acb57b7-6fda-4026-8a85-83535ccda5e0"", ""value"": ""brief text"", ""language_id"": ""en"", ""list_item_id"": ""86c90464-5ad0-490a-b281-24df80e671ac"", ""valuetype_id"": ""prefLabel""}], ""list_id"": ""f44f7240-35c5-49e8-a0e3-2ffe308f0862""}, {""uri"": ""http://vocab.getty.edu/aat/300404764"", ""labels"": [{""id"": ""47ede06f-c927-415a-8b56-0a2fe5be8fa7"", ""value"": ""sources (general concept)"", ""language_id"": ""en"", ""list_item_id"": ""8abfbb19-3845-4510-8af5-60d82f4f9beb"", ""valuetype_id"": ""prefLabel""}], ""list_id"": ""f44f7240-35c5-49e8-a0e3-2ffe308f0862""}]","[{""uri"": ""http://vocab.getty.edu/aat/300388277"", ""labels"": [{""id"": ""bf59ca74-9146-4b2e-8ba7-3d7c30791491"", ""value"": ""English (language)"", ""language_id"": ""en"", ""list_item_id"": ""38729dbe-6d1c-48ce-bf47-e2a18945600e"", ""valuetype_id"": ""prefLabel""}], ""list_id"": ""f7fc4f6d-fd46-4881-846f-4a08bc1a3fef""}]",723b9446-9488-4df9-a4e3-ed18041c2632,5031b7e0-bdd1-44be-995e-fd646b20481d,"{""en"": {""value"": ""https://www.geonames.org/99237"", ""direction"": ""ltr""}}",723b9446-9488-4df9-a4e3-ed18041c2632,f355836c-5d58-46bb-b580-b125119d613d,"{""type"": ""Point"", ""coordinates"": [33, 44]}",723b9446-9488-4df9-a4e3-ed18041c2632
d4c1423a-2fa8-443f-886c-93d70fbdd444,3dda9f54-d771-11ef-825b-0275dc2ded29,a3e9145b-ba55-4793-a0fa-189e0f404ca7,1,723b9446-9488-4df9-a4e3-ed18041c2632,51c1eef7-284e-4507-954e-cc51fe244625,"{""en"": {""value"": ""Turkmenistan"", ""direction"": ""ltr""}}","[{""uri"": ""http://vocab.getty.edu/aat/300404670"", ""labels"": [{""id"": ""fd678ab3-39ae-44c8-b4dd-3dd3f94969be"", ""value"": ""preferred terms"", ""language_id"": ""en"", ""list_item_id"": ""5f400d39-3b6b-4b8a-939b-4e49787c7444"", ""valuetype_id"": ""prefLabel""}], ""list_id"": ""80028d07-9c98-48cf-84db-f77bc01c8bbc""}]","[{""uri"": ""http://vocab.getty.edu/aat/300388277"", ""labels"": [{""id"": ""bf59ca74-9146-4b2e-8ba7-3d7c30791491"", ""value"": ""English (language)"", ""language_id"": ""en"", ""list_item_id"": ""38729dbe-6d1c-48ce-bf47-e2a18945600e"", ""valuetype_id"": ""prefLabel""}], ""list_id"": ""f7fc4f6d-fd46-4881-846f-4a08bc1a3fef""}]",723b9446-9488-4df9-a4e3-ed18041c2632,228e0348-94c8-41f2-80ca-f3f4741d7880,"{""en"": {""value"": ""Turkmenistan (URI: https://www.geonames.org/1218197)"", ""direction"": ""ltr""}}","[{""uri"": ""http://vocab.getty.edu/aat/300418049"", ""labels"": [{""id"": ""2eb85efc-f3c4-492b-8822-4bf1d02287b5"", ""value"": ""brief text"", ""language_id"": ""en"", ""list_item_id"": ""afd2413e-1bbd-42c2-b261-5943ac931f46"", ""valuetype_id"": ""prefLabel""}], ""list_id"": ""c82d6f85-ae67-4c28-b07a-c114f6d6ba50""}]","[{""uri"": ""http://vocab.getty.edu/aat/300418049"", ""labels"": [{""id"": ""3acb57b7-6fda-4026-8a85-83535ccda5e0"", ""value"": ""brief text"", ""language_id"": ""en"", ""list_item_id"": ""86c90464-5ad0-490a-b281-24df80e671ac"", ""valuetype_id"": ""prefLabel""}], ""list_id"": ""f44f7240-35c5-49e8-a0e3-2ffe308f0862""}, {""uri"": ""http://vocab.getty.edu/aat/300404764"", ""labels"": [{""id"": ""47ede06f-c927-415a-8b56-0a2fe5be8fa7"", ""value"": ""sources (general concept)"", ""language_id"": ""en"", ""list_item_id"": ""8abfbb19-3845-4510-8af5-60d82f4f9beb"", ""valuetype_id"": ""prefLabel""}], ""list_id"": ""f44f7240-35c5-49e8-a0e3-2ffe308f0862""}]","[{""uri"": ""http://vocab.getty.edu/aat/300388277"", ""labels"": [{""id"": ""bf59ca74-9146-4b2e-8ba7-3d7c30791491"", ""value"": ""English (language)"", ""language_id"": ""en"", ""list_item_id"": ""38729dbe-6d1c-48ce-bf47-e2a18945600e"", ""valuetype_id"": ""prefLabel""}], ""list_id"": ""f7fc4f6d-fd46-4881-846f-4a08bc1a3fef""}]",723b9446-9488-4df9-a4e3-ed18041c2632,77b71dcc-0100-4d4f-8369-e837765e3e0a,"{""en"": {""value"": ""https://www.geonames.org/1218197"", ""direction"": ""ltr""}}",723b9446-9488-4df9-a4e3-ed18041c2632,926b5852-a933-463d-bcc6-a97c5269b62a,"{""type"": ""Point"", ""coordinates"": [39.75, 59.66667]}",723b9446-9488-4df9-a4e3-ed18041c2632
93eba51d-6728-4d12-8e1a-84ebc2f413fd,3dda9f54-d771-11ef-825b-0275dc2ded29,a3e9145b-ba55-4793-a0fa-189e0f404ca7,1,723b9446-9488-4df9-a4e3-ed18041c2632,a3dc20a8-dbcf-4d51-9702-b8e55cb5533b,"{""en"": {""value"": ""El Salvador"", ""direction"": ""ltr""}}","[{""uri"": ""http://vocab.getty.edu/aat/300404670"", ""labels"": [{""id"": ""fd678ab3-39ae-44c8-b4dd-3dd3f94969be"", ""value"": ""preferred terms"", ""language_id"": ""en"", ""list_item_id"": ""5f400d39-3b6b-4b8a-939b-4e49787c7444"", ""valuetype_id"": ""prefLabel""}], ""list_id"": ""80028d07-9c98-48cf-84db-f77bc01c8bbc""}]","[{""uri"": ""http://vocab.getty.edu/aat/300388277"", ""labels"": [{""id"": ""bf59ca74-9146-4b2e-8ba7-3d7c30791491"", ""value"": ""English (language)"", ""language_id"": ""en"", ""list_item_id"": ""38729dbe-6d1c-48ce-bf47-e2a18945600e"", ""valuetype_id"": ""prefLabel""}], ""list_id"": ""f7fc4f6d-fd46-4881-846f-4a08bc1a3fef""}]",723b9446-9488-4df9-a4e3-ed18041c2632,34dffe52-4f62-4ba3-a759-a37ae3ae678b,"{""en"": {""value"": ""El Salvador (URI: https://www.geonames.org/3585968)"", ""direction"": ""ltr""}}","[{""uri"": ""http://vocab.getty.edu/aat/300418049"", ""labels"": [{""id"": ""2eb85efc-f3c4-492b-8822-4bf1d02287b5"", ""value"": ""brief text"", ""language_id"": ""en"", ""list_item_id"": ""afd2413e-1bbd-42c2-b261-5943ac931f46"", ""valuetype_id"": ""prefLabel""}], ""list_id"": ""c82d6f85-ae67-4c28-b07a-c114f6d6ba50""}]","[{""uri"": ""http://vocab.getty.edu/aat/300418049"", ""labels"": [{""id"": ""3acb57b7-6fda-4026-8a85-83535ccda5e0"", ""value"": ""brief text"", ""language_id"": ""en"", ""list_item_id"": ""86c90464-5ad0-490a-b281-24df80e671ac"", ""valuetype_id"": ""prefLabel""}], ""list_id"": ""f44f7240-35c5-49e8-a0e3-2ffe308f0862""}, {""uri"": ""http://vocab.getty.edu/aat/300404764"", ""labels"": [{""id"": ""47ede06f-c927-415a-8b56-0a2fe5be8fa7"", ""value"": ""sources (general concept)"", ""language_id"": ""en"", ""list_item_id"": ""8abfbb19-3845-4510-8af5-60d82f4f9beb"", ""valuetype_id"": ""prefLabel""}], ""list_id"": ""f44f7240-35c5-49e8-a0e3-2ffe308f0862""}]","[{""uri"": ""http://vocab.getty.edu/aat/300388277"", ""labels"": [{""id"": ""bf59ca74-9146-4b2e-8ba7-3d7c30791491"", ""value"": ""English (language)"", ""language_id"": ""en"", ""list_item_id"": ""38729dbe-6d1c-48ce-bf47-e2a18945600e"", ""valuetype_id"": ""prefLabel""}], ""list_id"": ""f7fc4f6d-fd46-4881-846f-4a08bc1a3fef""}]",723b9446-9488-4df9-a4e3-ed18041c2632,aab76a4d-e6a7-4c5e-b317-b72dc1422ef6,"{""en"": {""value"": ""https://www.geonames.org/3585968"", ""direction"": ""ltr""}}",723b9446-9488-4df9-a4e3-ed18041c2632,02d68376-1f0d-4b71-ab61-bf851058c026,"{""type"": ""Point"", ""coordinates"": [13.83333, -88.91667]}",723b9446-9488-4df9-a4e3-ed18041c2632
a7447f41-9255-4805-a6c3-72c45768c1c2,3dda9f54-d771-11ef-825b-0275dc2ded29,a3e9145b-ba55-4793-a0fa-189e0f404ca7,1,723b9446-9488-4df9-a4e3-ed18041c2632,bee1b6ca-db9d-42b0-902c-d1266b0772c1,"{""en"": {""value"": ""Tunisia"", ""direction"": ""ltr""}}","[{""uri"": ""http://vocab.getty.edu/aat/300404670"", ""labels"": [{""id"": ""fd678ab3-39ae-44c8-b4dd-3dd3f94969be"", ""value"": ""preferred terms"", ""language_id"": ""en"", ""list_item_id"": ""5f400d39-3b6b-4b8a-939b-4e49787c7444"", ""valuetype_id"": ""prefLabel""}], ""list_id"": ""80028d07-9c98-48cf-84db-f77bc01c8bbc""}]","[{""uri"": ""http://vocab.getty.edu/aat/300388277"", ""labels"": [{""id"": ""bf59ca74-9146-4b2e-8ba7-3d7c30791491"", ""value"": ""English (language)"", ""language_id"": ""en"", ""list_item_id"": ""38729dbe-6d1c-48ce-bf47-e2a18945600e"", ""valuetype_id"": ""prefLabel""}], ""list_id"": ""f7fc4f6d-fd46-4881-846f-4a08bc1a3fef""}]",723b9446-9488-4df9-a4e3-ed18041c2632,9a1379e9-73d9-45d9-bfa0-f16983cc4132,"{""en"": {""value"": ""Tunisia (URI: https://www.geonames.org/2464461)"", ""direction"": ""ltr""}}","[{""uri"": ""http://vocab.getty.edu/aat/300418049"", ""labels"": [{""id"": ""2eb85efc-f3c4-492b-8822-4bf1d02287b5"", ""value"": ""brief text"", ""language_id"": ""en"", ""list_item_id"": ""afd2413e-1bbd-42c2-b261-5943ac931f46"", ""valuetype_id"": ""prefLabel""}], ""list_id"": ""c82d6f85-ae67-4c28-b07a-c114f6d6ba50""}]","[{""uri"": ""http://vocab.getty.edu/aat/300418049"", ""labels"": [{""id"": ""3acb57b7-6fda-4026-8a85-83535ccda5e0"", ""value"": ""brief text"", ""language_id"": ""en"", ""list_item_id"": ""86c90464-5ad0-490a-b281-24df80e671ac"", ""valuetype_id"": ""prefLabel""}], ""list_id"": ""f44f7240-35c5-49e8-a0e3-2ffe308f0862""}, {""uri"": ""http://vocab.getty.edu/aat/300404764"", ""labels"": [{""id"": ""47ede06f-c927-415a-8b56-0a2fe5be8fa7"", ""value"": ""sources (general concept)"", ""language_id"": ""en"", ""list_item_id"": ""8abfbb19-3845-4510-8af5-60d82f4f9beb"", ""valuetype_id"": ""prefLabel""}], ""list_id"": ""f44f7240-35c5-49e8-a0e3-2ffe308f0862""}]","[{""uri"": ""http://vocab.getty.edu/aat/300388277"", ""labels"": [{""id"": ""bf59ca74-9146-4b2e-8ba7-3d7c30791491"", ""value"": ""English (language)"", ""language_id"": ""en"", ""list_item_id"": ""38729dbe-6d1c-48ce-bf47-e2a18945600e"", ""valuetype_id"": ""prefLabel""}], ""list_id"": ""f7fc4f6d-fd46-4881-846f-4a08bc1a3fef""}]",723b9446-9488-4df9-a4e3-ed18041c2632,7b57d5c2-2d67-4aaf-b8cd-31660b0fea36,"{""en"": {""value"": ""https://www.geonames.org/2464461"", ""direction"": ""ltr""}}",723b9446-9488-4df9-a4e3-ed18041c2632,a1ac32c7-1b62-405a-a369-f75c2e944139,"{""type"": ""Point"", ""coordinates"": [34, 9]}",723b9446-9488-4df9-a4e3-ed18041c2632
56d54813-b40c-47df-9719-3d9244acbe45,3dda9f54-d771-11ef-825b-0275dc2ded29,a3e9145b-ba55-4793-a0fa-189e0f404ca7,1,723b9446-9488-4df9-a4e3-ed18041c2632,39ab6430-a01f-482d-8c16-98ad4bca0f31,"{""en"": {""value"": ""Oman"", ""direction"": ""ltr""}}","[{""uri"": ""http://vocab.getty.edu/aat/300404670"", ""labels"": [{""id"": ""fd678ab3-39ae-44c8-b4dd-3dd3f94969be"", ""value"": ""preferred terms"", ""language_id"": ""en"", ""list_item_id"": ""5f400d39-3b6b-4b8a-939b-4e49787c7444"", ""valuetype_id"": ""prefLabel""}], ""list_id"": ""80028d07-9c98-48cf-84db-f77bc01c8bbc""}]","[{""uri"": ""http://vocab.getty.edu/aat/300388277"", ""labels"": [{""id"": ""bf59ca74-9146-4b2e-8ba7-3d7c30791491"", ""value"": ""English (language)"", ""language_id"": ""en"", ""list_item_id"": ""38729dbe-6d1c-48ce-bf47-e2a18945600e"", ""valuetype_id"": ""prefLabel""}], ""list_id"": ""f7fc4f6d-fd46-4881-846f-4a08bc1a3fef""}]",723b9446-9488-4df9-a4e3-ed18041c2632,2640c806-6910-41b2-ab57-bcf4cb8f7a64,"{""en"": {""value"": ""Oman (URI: https://www.geonames.org/286963)"", ""direction"": ""ltr""}}","[{""uri"": ""http://vocab.getty.edu/aat/300418049"", ""labels"": [{""id"": ""2eb85efc-f3c4-492b-8822-4bf1d02287b5"", ""value"": ""brief text"", ""language_id"": ""en"", ""list_item_id"": ""afd2413e-1bbd-42c2-b261-5943ac931f46"", ""valuetype_id"": ""prefLabel""}], ""list_id"": ""c82d6f85-ae67-4c28-b07a-c114f6d6ba50""}]","[{""uri"": ""http://vocab.getty.edu/aat/300418049"", ""labels"": [{""id"": ""3acb57b7-6fda-4026-8a85-83535ccda5e0"", ""value"": ""brief text"", ""language_id"": ""en"", ""list_item_id"": ""86c90464-5ad0-490a-b281-24df80e671ac"", ""valuetype_id"": ""prefLabel""}], ""list_id"": ""f44f7240-35c5-49e8-a0e3-2ffe308f0862""}, {""uri"": ""http://vocab.getty.edu/aat/300404764"", ""labels"": [{""id"": ""47ede06f-c927-415a-8b56-0a2fe5be8fa7"", ""value"": ""sources (general concept)"", ""language_id"": ""en"", ""list_item_id"": ""8abfbb19-3845-4510-8af5-60d82f4f9beb"", ""valuetype_id"": ""prefLabel""}], ""list_id"": ""f44f7240-35c5-49e8-a0e3-2ffe308f0862""}]","[{""uri"": ""http://vocab.getty.edu/aat/300388277"", ""labels"": [{""id"": ""bf59ca74-9146-4b2e-8ba7-3d7c30791491"", ""value"": ""English (language)"", ""language_id"": ""en"", ""list_item_id"": ""38729dbe-6d1c-48ce-bf47-e2a18945600e"", ""valuetype_id"": ""prefLabel""}], ""list_id"": ""f7fc4f6d-fd46-4881-846f-4a08bc1a3fef""}]",723b9446-9488-4df9-a4e3-ed18041c2632,85b7c312-ca87-437f-87fc-4d31bda27224,"{""en"": {""value"": ""https://www.geonames.org/286963"", ""direction"": ""ltr""}}",723b9446-9488-4df9-a4e3-ed18041c2632,de069973-a47d-475d-9a11-187c2064382e,"{""type"": ""Point"", ""coordinates"": [21, 57]}",723b9446-9488-4df9-a4e3-ed18041c2632
bae1695a-0d1b-4927-a444-acef0a3b5c81,3dda9f54-d771-11ef-825b-0275dc2ded29,a3e9145b-ba55-4793-a0fa-189e0f404ca7,1,723b9446-9488-4df9-a4e3-ed18041c2632,2cb6b5f1-37c7-41d7-993c-f72378be40c6,"{""en"": {""value"": ""Yemen"", ""direction"": ""ltr""}}","[{""uri"": ""http://vocab.getty.edu/aat/300404670"", ""labels"": [{""id"": ""fd678ab3-39ae-44c8-b4dd-3dd3f94969be"", ""value"": ""preferred terms"", ""language_id"": ""en"", ""list_item_id"": ""5f400d39-3b6b-4b8a-939b-4e49787c7444"", ""valuetype_id"": ""prefLabel""}], ""list_id"": ""80028d07-9c98-48cf-84db-f77bc01c8bbc""}]","[{""uri"": ""http://vocab.getty.edu/aat/300388277"", ""labels"": [{""id"": ""bf59ca74-9146-4b2e-8ba7-3d7c30791491"", ""value"": ""English (language)"", ""language_id"": ""en"", ""list_item_id"": ""38729dbe-6d1c-48ce-bf47-e2a18945600e"", ""valuetype_id"": ""prefLabel""}], ""list_id"": ""f7fc4f6d-fd46-4881-846f-4a08bc1a3fef""}]",723b9446-9488-4df9-a4e3-ed18041c2632,4ee83262-15ee-45d8-9c92-edc74aa349ed,"{""en"": {""value"": ""Yemen (URI: https://www.geonames.org/69543)"", ""direction"": ""ltr""}}","[{""uri"": ""http://vocab.getty.edu/aat/300418049"", ""labels"": [{""id"": ""2eb85efc-f3c4-492b-8822-4bf1d02287b5"", ""value"": ""brief text"", ""language_id"": ""en"", ""list_item_id"": ""afd2413e-1bbd-42c2-b261-5943ac931f46"", ""valuetype_id"": ""prefLabel""}], ""list_id"": ""c82d6f85-ae67-4c28-b07a-c114f6d6ba50""}]","[{""uri"": ""http://vocab.getty.edu/aat/300418049"", ""labels"": [{""id"": ""3acb57b7-6fda-4026-8a85-83535ccda5e0"", ""value"": ""brief text"", ""language_id"": ""en"", ""list_item_id"": ""86c90464-5ad0-490a-b281-24df80e671ac"", ""valuetype_id"": ""prefLabel""}], ""list_id"": ""f44f7240-35c5-49e8-a0e3-2ffe308f0862""}, {""uri"": ""http://vocab.getty.edu/aat/300404764"", ""labels"": [{""id"": ""47ede06f-c927-415a-8b56-0a2fe5be8fa7"", ""value"": ""sources (general concept)"", ""language_id"": ""en"", ""list_item_id"": ""8abfbb19-3845-4510-8af5-60d82f4f9beb"", ""valuetype_id"": ""prefLabel""}], ""list_id"": ""f44f7240-35c5-49e8-a0e3-2ffe308f0862""}]","[{""uri"": ""http://vocab.getty.edu/aat/300388277"", ""labels"": [{""id"": ""bf59ca74-9146-4b2e-8ba7-3d7c30791491"", ""value"": ""English (language)"", ""language_id"": ""en"", ""list_item_id"": ""38729dbe-6d1c-48ce-bf47-e2a18945600e"", ""valuetype_id"": ""prefLabel""}], ""list_id"": ""f7fc4f6d-fd46-4881-846f-4a08bc1a3fef""}]",723b9446-9488-4df9-a4e3-ed18041c2632,8fa52b8e-d402-4ae6-80e3-ff5d68c7cb7f,"{""en"": {""value"": ""https://www.geonames.org/69543"", ""direction"": ""ltr""}}",723b9446-9488-4df9-a4e3-ed18041c2632,d8ca1aa2-3a20-4ac4-b6a1-b987278a2460,"{""type"": ""Point"", ""coordinates"": [15.5, 47.5]}",723b9446-9488-4df9-a4e3-ed18041c2632
1c64b3d2-1687-4c37-95a0-7652dd614029,3dda9f54-d771-11ef-825b-0275dc2ded29,a3e9145b-ba55-4793-a0fa-189e0f404ca7,1,723b9446-9488-4df9-a4e3-ed18041c2632,2803b74a-5be6-4816-aa87-df28511b94bd,"{""en"": {""value"": ""Belize"", ""direction"": ""ltr""}}","[{""uri"": ""http://vocab.getty.edu/aat/300404670"", ""labels"": [{""id"": ""fd678ab3-39ae-44c8-b4dd-3dd3f94969be"", ""value"": ""preferred terms"", ""language_id"": ""en"", ""list_item_id"": ""5f400d39-3b6b-4b8a-939b-4e49787c7444"", ""valuetype_id"": ""prefLabel""}], ""list_id"": ""80028d07-9c98-48cf-84db-f77bc01c8bbc""}]","[{""uri"": ""http://vocab.getty.edu/aat/300388277"", ""labels"": [{""id"": ""bf59ca74-9146-4b2e-8ba7-3d7c30791491"", ""value"": ""English (language)"", ""language_id"": ""en"", ""list_item_id"": ""38729dbe-6d1c-48ce-bf47-e2a18945600e"", ""valuetype_id"": ""prefLabel""}], ""list_id"": ""f7fc4f6d-fd46-4881-846f-4a08bc1a3fef""}]",723b9446-9488-4df9-a4e3-ed18041c2632,2c0fcf6b-548b-4d01-a8fa-ae9497d9a91b,"{""en"": {""value"": ""Belize (URI: https://www.geonames.org/3582678)"", ""direction"": ""ltr""}}","[{""uri"": ""http://vocab.getty.edu/aat/300418049"", ""labels"": [{""id"": ""2eb85efc-f3c4-492b-8822-4bf1d02287b5"", ""value"": ""brief text"", ""language_id"": ""en"", ""list_item_id"": ""afd2413e-1bbd-42c2-b261-5943ac931f46"", ""valuetype_id"": ""prefLabel""}], ""list_id"": ""c82d6f85-ae67-4c28-b07a-c114f6d6ba50""}]","[{""uri"": ""http://vocab.getty.edu/aat/300418049"", ""labels"": [{""id"": ""3acb57b7-6fda-4026-8a85-83535ccda5e0"", ""value"": ""brief text"", ""language_id"": ""en"", ""list_item_id"": ""86c90464-5ad0-490a-b281-24df80e671ac"", ""valuetype_id"": ""prefLabel""}], ""list_id"": ""f44f7240-35c5-49e8-a0e3-2ffe308f0862""}, {""uri"": ""http://vocab.getty.edu/aat/300404764"", ""labels"": [{""id"": ""47ede06f-c927-415a-8b56-0a2fe5be8fa7"", ""value"": ""sources (general concept)"", ""language_id"": ""en"", ""list_item_id"": ""8abfbb19-3845-4510-8af5-60d82f4f9beb"", ""valuetype_id"": ""prefLabel""}], ""list_id"": ""f44f7240-35c5-49e8-a0e3-2ffe308f0862""}]","[{""uri"": ""http://vocab.getty.edu/aat/300388277"", ""labels"": [{""id"": ""bf59ca74-9146-4b2e-8ba7-3d7c30791491"", ""value"": ""English (language)"", ""language_id"": ""en"", ""list_item_id"": ""38729dbe-6d1c-48ce-bf47-e2a18945600e"", ""valuetype_id"": ""prefLabel""}], ""list_id"": ""f7fc4f6d-fd46-4881-846f-4a08bc1a3fef""}]",723b9446-9488-4df9-a4e3-ed18041c2632,902e801e-9a43-4787-a338-bb9e45f910d9,"{""en"": {""value"": ""https://www.geonames.org/3582678"", ""direction"": ""ltr""}}",723b9446-9488-4df9-a4e3-ed18041c2632,5c273fa8-3e27-4c77-8e70-d695d708891a,"{""type"": ""Point"", ""coordinates"": [17.25, -88.75]}",723b9446-9488-4df9-a4e3-ed18041c2632
4b2bfd3f-4953-4585-bcf4-63355288594f,3dda9f54-d771-11ef-825b-0275dc2ded29,a3e9145b-ba55-4793-a0fa-189e0f404ca7,1,723b9446-9488-4df9-a4e3-ed18041c2632,a3c3c4bd-cb11-49fe-b9b4-69050549194e,"{""en"": {""value"": ""Benin"", ""direction"": ""ltr""}}","[{""uri"": ""http://vocab.getty.edu/aat/300404670"", ""labels"": [{""id"": ""fd678ab3-39ae-44c8-b4dd-3dd3f94969be"", ""value"": ""preferred terms"", ""language_id"": ""en"", ""list_item_id"": ""5f400d39-3b6b-4b8a-939b-4e49787c7444"", ""valuetype_id"": ""prefLabel""}], ""list_id"": ""80028d07-9c98-48cf-84db-f77bc01c8bbc""}]","[{""uri"": ""http://vocab.getty.edu/aat/300388277"", ""labels"": [{""id"": ""bf59ca74-9146-4b2e-8ba7-3d7c30791491"", ""value"": ""English (language)"", ""language_id"": ""en"", ""list_item_id"": ""38729dbe-6d1c-48ce-bf47-e2a18945600e"", ""valuetype_id"": ""prefLabel""}], ""list_id"": ""f7fc4f6d-fd46-4881-846f-4a08bc1a3fef""}]",723b9446-9488-4df9-a4e3-ed18041c2632,4d63e705-a479-4468-b696-c0bda4a436a3,"{""en"": {""value"": ""Benin (URI: https://www.geonames.org/2395170)"", ""direction"": ""ltr""}}","[{""uri"": ""http://vocab.getty.edu/aat/300418049"", ""labels"": [{""id"": ""2eb85efc-f3c4-492b-8822-4bf1d02287b5"", ""value"": ""brief text"", ""language_id"": ""en"", ""list_item_id"": ""afd2413e-1bbd-42c2-b261-5943ac931f46"", ""valuetype_id"": ""prefLabel""}], ""list_id"": ""c82d6f85-ae67-4c28-b07a-c114f6d6ba50""}]","[{""uri"": ""http://vocab.getty.edu/aat/300418049"", ""labels"": [{""id"": ""3acb57b7-6fda-4026-8a85-83535ccda5e0"", ""value"": ""brief text"", ""language_id"": ""en"", ""list_item_id"": ""86c90464-5ad0-490a-b281-24df80e671ac"", ""valuetype_id"": ""prefLabel""}], ""list_id"": ""f44f7240-35c5-49e8-a0e3-2ffe308f0862""}, {""uri"": ""http://vocab.getty.edu/aat/300404764"", ""labels"": [{""id"": ""47ede06f-c927-415a-8b56-0a2fe5be8fa7"", ""value"": ""sources (general concept)"", ""language_id"": ""en"", ""list_item_id"": ""8abfbb19-3845-4510-8af5-60d82f4f9beb"", ""valuetype_id"": ""prefLabel""}], ""list_id"": ""f44f7240-35c5-49e8-a0e3-2ffe308f0862""}]","[{""uri"": ""http://vocab.getty.edu/aat/300388277"", ""labels"": [{""id"": ""bf59ca74-9146-4b2e-8ba7-3d7c30791491"", ""value"": ""English (language)"", ""language_id"": ""en"", ""list_item_id"": ""38729dbe-6d1c-48ce-bf47-e2a18945600e"", ""valuetype_id"": ""prefLabel""}], ""list_id"": ""f7fc4f6d-fd46-4881-846f-4a08bc1a3fef""}]",723b9446-9488-4df9-a4e3-ed18041c2632,d316f12f-3ace-44c5-9ef2-6ea85bdb4d1d,"{""en"": {""value"": ""https://www.geonames.org/2395170"", ""direction"": ""ltr""}}",723b9446-9488-4df9-a4e3-ed18041c2632,e84292ca-b639-4be6-a6c3-344cf11c59cb,"{""type"": ""Point"", ""coordinates"": [9.5, 2.25]}",723b9446-9488-4df9-a4e3-ed18041c2632
