resourceinstance_id,name__name_content,type_n2__type,digital_resource_creation__digital_resource_creation_technique,file__format_of_file,file__file,file_statement__file,file_statement__file_statement_type,file_statement__file_statement_language,file_statement__file_statement_content
12e2fd03-b7b5-4096-9df9-99a369a5f946,Spot 11 FORS (Spot 11 [Analysis Area of 19th-century pigment mockup]),Dataset,FORS Measurement,,TSR_FORS_biolk_00003.asd.sco.abs.dx,,,,
199e8923-c314-46ab-8e89-c0d07a08bf81,sC_spot 3 Raman (C Spot 3 [Analysis Area of Sample C [Sample of 19th-century pigment mockup]]),Dataset,Point Raman Measurement,,biolk_sC_100x_spot3.txt,biolk_sC_100x_spot3.txt,interpretation,English (language),Fluorescence only
199e8923-c314-46ab-8e89-c0d07a08bf81,sC_spot 3 Raman (C Spot 3 [Analysis Area of Sample C [Sample of 19th-century pigment mockup]]),Dataset,Point Raman Measurement,,biolk_sC_100x_spot3.txt,biolk_sC_100x_spot3.txt,brief text,English (language),"100xL, low gain, orange area, very high fluorescence"
199e8923-c314-46ab-8e89-c0d07a08bf81,sC_spot 3 Raman (C Spot 3 [Analysis Area of Sample C [Sample of 19th-century pigment mockup]]),Dataset,Point Raman Measurement,,biolk_sC_100x_spot3.wxd,biolk_sC_100x_spot3.txt,interpretation,English (language),Fluorescence only
199e8923-c314-46ab-8e89-c0d07a08bf81,sC_spot 3 Raman (C Spot 3 [Analysis Area of Sample C [Sample of 19th-century pigment mockup]]),Dataset,Point Raman Measurement,,biolk_sC_100x_spot3.wxd,biolk_sC_100x_spot3.txt,brief text,English (language),"100xL, low gain, orange area, very high fluorescence"
199e8923-c314-46ab-8e89-c0d07a08bf81,sC_spot 3 Raman (C Spot 3 [Analysis Area of Sample C [Sample of 19th-century pigment mockup]]),Dataset,Point Raman Measurement,,biolk_sC_100x_spot3.dx,biolk_sC_100x_spot3.txt,interpretation,English (language),Fluorescence only
199e8923-c314-46ab-8e89-c0d07a08bf81,sC_spot 3 Raman (C Spot 3 [Analysis Area of Sample C [Sample of 19th-century pigment mockup]]),Dataset,Point Raman Measurement,,biolk_sC_100x_spot3.dx,biolk_sC_100x_spot3.txt,brief text,English (language),"100xL, low gain, orange area, very high fluorescence"
1dec1dcc-f336-4ff3-a82d-9ea5dffc66a9,sC_spot 1 Raman (C Spot 1 [Analysis Area of Sample C [Sample of 19th-century pigment mockup]]),Dataset,Point Raman Measurement,,biolk_sC_100x_spot1.dx,biolk_sC_100x_spot1.txt,interpretation,English (language),Fluorescence only
1dec1dcc-f336-4ff3-a82d-9ea5dffc66a9,sC_spot 1 Raman (C Spot 1 [Analysis Area of Sample C [Sample of 19th-century pigment mockup]]),Dataset,Point Raman Measurement,,biolk_sC_100x_spot1.dx,biolk_sC_100x_spot1.txt,brief text,English (language),"100xL, low gain, orange area, very high fluorescence"
1dec1dcc-f336-4ff3-a82d-9ea5dffc66a9,sC_spot 1 Raman (C Spot 1 [Analysis Area of Sample C [Sample of 19th-century pigment mockup]]),Dataset,Point Raman Measurement,,biolk_sC_100x_spot1.txt,biolk_sC_100x_spot1.txt,interpretation,English (language),Fluorescence only
1dec1dcc-f336-4ff3-a82d-9ea5dffc66a9,sC_spot 1 Raman (C Spot 1 [Analysis Area of Sample C [Sample of 19th-century pigment mockup]]),Dataset,Point Raman Measurement,,biolk_sC_100x_spot1.txt,biolk_sC_100x_spot1.txt,brief text,English (language),"100xL, low gain, orange area, very high fluorescence"
1dec1dcc-f336-4ff3-a82d-9ea5dffc66a9,sC_spot 1 Raman (C Spot 1 [Analysis Area of Sample C [Sample of 19th-century pigment mockup]]),Dataset,Point Raman Measurement,,biolk_sC_100x_spot1.wxd,biolk_sC_100x_spot1.txt,interpretation,English (language),Fluorescence only
1dec1dcc-f336-4ff3-a82d-9ea5dffc66a9,sC_spot 1 Raman (C Spot 1 [Analysis Area of Sample C [Sample of 19th-century pigment mockup]]),Dataset,Point Raman Measurement,,biolk_sC_100x_spot1.wxd,biolk_sC_100x_spot1.txt,brief text,English (language),"100xL, low gain, orange area, very high fluorescence"
225ce57b-6c0b-4eb4-8894-51debad23c15,Spot 12 FORS (Spot 12 [Analysis Area of 19th-century pigment mockup]),Dataset,FORS Measurement,,TSR_FORS_biolk_00007.asd.sco.abs.dx,,,,
4ec84f54-c27f-4880-8339-146eb381363b,sC_spot 4 Raman (C Spot 4 [Analysis Area of Sample C [Sample of 19th-century pigment mockup]]),Dataset,Point Raman Measurement,,biolk_sC_100x_spot4.dx,biolk_sC_100x_spot4.txt,interpretation,English (language),Fluorescence only
4ec84f54-c27f-4880-8339-146eb381363b,sC_spot 4 Raman (C Spot 4 [Analysis Area of Sample C [Sample of 19th-century pigment mockup]]),Dataset,Point Raman Measurement,,biolk_sC_100x_spot4.dx,biolk_sC_100x_spot4.txt,brief text,English (language),"100xL, low gain, orange area, very high fluorescence"
4ec84f54-c27f-4880-8339-146eb381363b,sC_spot 4 Raman (C Spot 4 [Analysis Area of Sample C [Sample of 19th-century pigment mockup]]),Dataset,Point Raman Measurement,,biolk_sC_100x_spot4.wxd,biolk_sC_100x_spot4.txt,interpretation,English (language),Fluorescence only
4ec84f54-c27f-4880-8339-146eb381363b,sC_spot 4 Raman (C Spot 4 [Analysis Area of Sample C [Sample of 19th-century pigment mockup]]),Dataset,Point Raman Measurement,,biolk_sC_100x_spot4.wxd,biolk_sC_100x_spot4.txt,brief text,English (language),"100xL, low gain, orange area, very high fluorescence"
4ec84f54-c27f-4880-8339-146eb381363b,sC_spot 4 Raman (C Spot 4 [Analysis Area of Sample C [Sample of 19th-century pigment mockup]]),Dataset,Point Raman Measurement,,biolk_sC_100x_spot4.txt,biolk_sC_100x_spot4.txt,interpretation,English (language),Fluorescence only
4ec84f54-c27f-4880-8339-146eb381363b,sC_spot 4 Raman (C Spot 4 [Analysis Area of Sample C [Sample of 19th-century pigment mockup]]),Dataset,Point Raman Measurement,,biolk_sC_100x_spot4.txt,biolk_sC_100x_spot4.txt,brief text,English (language),"100xL, low gain, orange area, very high fluorescence"
55e29584-b631-4dd2-a8dc-60ad4fcf4bd9,sA2_spot 1 Raman (A2 Spot 1 [Analysis Area of Sample A2 [Sample of 19th-century pigment mockup]]),Dataset,Point Raman Measurement,,biolk_sA2_20x_spot1.dx,biolk_sA2_20x_spot1.txt,brief text,English (language),"20x, low gain, dark area, high fluorescence"
55e29584-b631-4dd2-a8dc-60ad4fcf4bd9,sA2_spot 1 Raman (A2 Spot 1 [Analysis Area of Sample A2 [Sample of 19th-century pigment mockup]]),Dataset,Point Raman Measurement,,biolk_sA2_20x_spot1.dx,biolk_sA2_20x_spot1.txt,interpretation,English (language),indigo
55e29584-b631-4dd2-a8dc-60ad4fcf4bd9,sA2_spot 1 Raman (A2 Spot 1 [Analysis Area of Sample A2 [Sample of 19th-century pigment mockup]]),Dataset,Point Raman Measurement,,biolk_sA2_20x_spot1.dx,biolk_sA2_50x_spot1.txt,interpretation,English (language),indigo
55e29584-b631-4dd2-a8dc-60ad4fcf4bd9,sA2_spot 1 Raman (A2 Spot 1 [Analysis Area of Sample A2 [Sample of 19th-century pigment mockup]]),Dataset,Point Raman Measurement,,biolk_sA2_20x_spot1.dx,biolk_sA2_50x_spot1.txt,brief text,English (language),"50xL, low gain, dark area, high fluorescence"
55e29584-b631-4dd2-a8dc-60ad4fcf4bd9,sA2_spot 1 Raman (A2 Spot 1 [Analysis Area of Sample A2 [Sample of 19th-century pigment mockup]]),Dataset,Point Raman Measurement,,biolk_sA2_50x_spot1.dx,biolk_sA2_20x_spot1.txt,brief text,English (language),"20x, low gain, dark area, high fluorescence"
55e29584-b631-4dd2-a8dc-60ad4fcf4bd9,sA2_spot 1 Raman (A2 Spot 1 [Analysis Area of Sample A2 [Sample of 19th-century pigment mockup]]),Dataset,Point Raman Measurement,,biolk_sA2_50x_spot1.dx,biolk_sA2_20x_spot1.txt,interpretation,English (language),indigo
55e29584-b631-4dd2-a8dc-60ad4fcf4bd9,sA2_spot 1 Raman (A2 Spot 1 [Analysis Area of Sample A2 [Sample of 19th-century pigment mockup]]),Dataset,Point Raman Measurement,,biolk_sA2_50x_spot1.dx,biolk_sA2_50x_spot1.txt,interpretation,English (language),indigo
55e29584-b631-4dd2-a8dc-60ad4fcf4bd9,sA2_spot 1 Raman (A2 Spot 1 [Analysis Area of Sample A2 [Sample of 19th-century pigment mockup]]),Dataset,Point Raman Measurement,,biolk_sA2_50x_spot1.dx,biolk_sA2_50x_spot1.txt,brief text,English (language),"50xL, low gain, dark area, high fluorescence"
55e29584-b631-4dd2-a8dc-60ad4fcf4bd9,sA2_spot 1 Raman (A2 Spot 1 [Analysis Area of Sample A2 [Sample of 19th-century pigment mockup]]),Dataset,Point Raman Measurement,,biolk_sA2_20x_spot1.wxd,biolk_sA2_20x_spot1.txt,brief text,English (language),"20x, low gain, dark area, high fluorescence"
55e29584-b631-4dd2-a8dc-60ad4fcf4bd9,sA2_spot 1 Raman (A2 Spot 1 [Analysis Area of Sample A2 [Sample of 19th-century pigment mockup]]),Dataset,Point Raman Measurement,,biolk_sA2_20x_spot1.wxd,biolk_sA2_20x_spot1.txt,interpretation,English (language),indigo
55e29584-b631-4dd2-a8dc-60ad4fcf4bd9,sA2_spot 1 Raman (A2 Spot 1 [Analysis Area of Sample A2 [Sample of 19th-century pigment mockup]]),Dataset,Point Raman Measurement,,biolk_sA2_20x_spot1.wxd,biolk_sA2_50x_spot1.txt,interpretation,English (language),indigo
55e29584-b631-4dd2-a8dc-60ad4fcf4bd9,sA2_spot 1 Raman (A2 Spot 1 [Analysis Area of Sample A2 [Sample of 19th-century pigment mockup]]),Dataset,Point Raman Measurement,,biolk_sA2_20x_spot1.wxd,biolk_sA2_50x_spot1.txt,brief text,English (language),"50xL, low gain, dark area, high fluorescence"
55e29584-b631-4dd2-a8dc-60ad4fcf4bd9,sA2_spot 1 Raman (A2 Spot 1 [Analysis Area of Sample A2 [Sample of 19th-century pigment mockup]]),Dataset,Point Raman Measurement,,biolk_sA2_20x_spot1.txt,biolk_sA2_20x_spot1.txt,brief text,English (language),"20x, low gain, dark area, high fluorescence"
55e29584-b631-4dd2-a8dc-60ad4fcf4bd9,sA2_spot 1 Raman (A2 Spot 1 [Analysis Area of Sample A2 [Sample of 19th-century pigment mockup]]),Dataset,Point Raman Measurement,,biolk_sA2_20x_spot1.txt,biolk_sA2_20x_spot1.txt,interpretation,English (language),indigo
55e29584-b631-4dd2-a8dc-60ad4fcf4bd9,sA2_spot 1 Raman (A2 Spot 1 [Analysis Area of Sample A2 [Sample of 19th-century pigment mockup]]),Dataset,Point Raman Measurement,,biolk_sA2_20x_spot1.txt,biolk_sA2_50x_spot1.txt,interpretation,English (language),indigo
55e29584-b631-4dd2-a8dc-60ad4fcf4bd9,sA2_spot 1 Raman (A2 Spot 1 [Analysis Area of Sample A2 [Sample of 19th-century pigment mockup]]),Dataset,Point Raman Measurement,,biolk_sA2_20x_spot1.txt,biolk_sA2_50x_spot1.txt,brief text,English (language),"50xL, low gain, dark area, high fluorescence"
55e29584-b631-4dd2-a8dc-60ad4fcf4bd9,sA2_spot 1 Raman (A2 Spot 1 [Analysis Area of Sample A2 [Sample of 19th-century pigment mockup]]),Dataset,Point Raman Measurement,,biolk_sA2_50x_spot1.txt,biolk_sA2_20x_spot1.txt,brief text,English (language),"20x, low gain, dark area, high fluorescence"
55e29584-b631-4dd2-a8dc-60ad4fcf4bd9,sA2_spot 1 Raman (A2 Spot 1 [Analysis Area of Sample A2 [Sample of 19th-century pigment mockup]]),Dataset,Point Raman Measurement,,biolk_sA2_50x_spot1.txt,biolk_sA2_20x_spot1.txt,interpretation,English (language),indigo
55e29584-b631-4dd2-a8dc-60ad4fcf4bd9,sA2_spot 1 Raman (A2 Spot 1 [Analysis Area of Sample A2 [Sample of 19th-century pigment mockup]]),Dataset,Point Raman Measurement,,biolk_sA2_50x_spot1.txt,biolk_sA2_50x_spot1.txt,interpretation,English (language),indigo
55e29584-b631-4dd2-a8dc-60ad4fcf4bd9,sA2_spot 1 Raman (A2 Spot 1 [Analysis Area of Sample A2 [Sample of 19th-century pigment mockup]]),Dataset,Point Raman Measurement,,biolk_sA2_50x_spot1.txt,biolk_sA2_50x_spot1.txt,brief text,English (language),"50xL, low gain, dark area, high fluorescence"
55e29584-b631-4dd2-a8dc-60ad4fcf4bd9,sA2_spot 1 Raman (A2 Spot 1 [Analysis Area of Sample A2 [Sample of 19th-century pigment mockup]]),Dataset,Point Raman Measurement,,biolk_sA2_50x_spot1.wxd,biolk_sA2_20x_spot1.txt,brief text,English (language),"20x, low gain, dark area, high fluorescence"
55e29584-b631-4dd2-a8dc-60ad4fcf4bd9,sA2_spot 1 Raman (A2 Spot 1 [Analysis Area of Sample A2 [Sample of 19th-century pigment mockup]]),Dataset,Point Raman Measurement,,biolk_sA2_50x_spot1.wxd,biolk_sA2_20x_spot1.txt,interpretation,English (language),indigo
55e29584-b631-4dd2-a8dc-60ad4fcf4bd9,sA2_spot 1 Raman (A2 Spot 1 [Analysis Area of Sample A2 [Sample of 19th-century pigment mockup]]),Dataset,Point Raman Measurement,,biolk_sA2_50x_spot1.wxd,biolk_sA2_50x_spot1.txt,interpretation,English (language),indigo
55e29584-b631-4dd2-a8dc-60ad4fcf4bd9,sA2_spot 1 Raman (A2 Spot 1 [Analysis Area of Sample A2 [Sample of 19th-century pigment mockup]]),Dataset,Point Raman Measurement,,biolk_sA2_50x_spot1.wxd,biolk_sA2_50x_spot1.txt,brief text,English (language),"50xL, low gain, dark area, high fluorescence"
566f96fe-87ef-4711-9ad8-3693d48277ea,sC_spot 5 Raman (C Spot 5 [Analysis Area of Sample C [Sample of 19th-century pigment mockup]]),Dataset,Point Raman Measurement,,biolk_sC_100x_spot5.txt,biolk_sC_100x_spot5.txt,brief text,English (language),"100xL, low gain, orange area, very high fluorescence"
566f96fe-87ef-4711-9ad8-3693d48277ea,sC_spot 5 Raman (C Spot 5 [Analysis Area of Sample C [Sample of 19th-century pigment mockup]]),Dataset,Point Raman Measurement,,biolk_sC_100x_spot5.txt,biolk_sC_100x_spot5.txt,interpretation,English (language),Fluorescence only
566f96fe-87ef-4711-9ad8-3693d48277ea,sC_spot 5 Raman (C Spot 5 [Analysis Area of Sample C [Sample of 19th-century pigment mockup]]),Dataset,Point Raman Measurement,,biolk_sC_100x_spot5.dx,biolk_sC_100x_spot5.txt,brief text,English (language),"100xL, low gain, orange area, very high fluorescence"
566f96fe-87ef-4711-9ad8-3693d48277ea,sC_spot 5 Raman (C Spot 5 [Analysis Area of Sample C [Sample of 19th-century pigment mockup]]),Dataset,Point Raman Measurement,,biolk_sC_100x_spot5.dx,biolk_sC_100x_spot5.txt,interpretation,English (language),Fluorescence only
566f96fe-87ef-4711-9ad8-3693d48277ea,sC_spot 5 Raman (C Spot 5 [Analysis Area of Sample C [Sample of 19th-century pigment mockup]]),Dataset,Point Raman Measurement,,biolk_sC_100x_spot5.wxd,biolk_sC_100x_spot5.txt,brief text,English (language),"100xL, low gain, orange area, very high fluorescence"
566f96fe-87ef-4711-9ad8-3693d48277ea,sC_spot 5 Raman (C Spot 5 [Analysis Area of Sample C [Sample of 19th-century pigment mockup]]),Dataset,Point Raman Measurement,,biolk_sC_100x_spot5.wxd,biolk_sC_100x_spot5.txt,interpretation,English (language),Fluorescence only
5746c92f-b8ce-4a90-bf26-e8ca2429ad59,sC_spot 6 (C Spot 6 [Analysis Area of Sample C [Sample of 19th-century pigment mockup]]),Dataset,Point Raman Measurement,,biolk_sC_100x_spot6.wxd,biolk_sC_100x_spot6.txt,brief text,English (language),"100xL, low gain, white in orange area, very high fluorescence"
5746c92f-b8ce-4a90-bf26-e8ca2429ad59,sC_spot 6 (C Spot 6 [Analysis Area of Sample C [Sample of 19th-century pigment mockup]]),Dataset,Point Raman Measurement,,biolk_sC_100x_spot6.wxd,biolk_sC_100x_spot6.txt,interpretation,English (language),Fluorescence. only
5746c92f-b8ce-4a90-bf26-e8ca2429ad59,sC_spot 6 (C Spot 6 [Analysis Area of Sample C [Sample of 19th-century pigment mockup]]),Dataset,Point Raman Measurement,,biolk_sC_100x_spot6.dx,biolk_sC_100x_spot6.txt,brief text,English (language),"100xL, low gain, white in orange area, very high fluorescence"
5746c92f-b8ce-4a90-bf26-e8ca2429ad59,sC_spot 6 (C Spot 6 [Analysis Area of Sample C [Sample of 19th-century pigment mockup]]),Dataset,Point Raman Measurement,,biolk_sC_100x_spot6.dx,biolk_sC_100x_spot6.txt,interpretation,English (language),Fluorescence. only
5746c92f-b8ce-4a90-bf26-e8ca2429ad59,sC_spot 6 (C Spot 6 [Analysis Area of Sample C [Sample of 19th-century pigment mockup]]),Dataset,Point Raman Measurement,,biolk_sC_100x_spot6.txt,biolk_sC_100x_spot6.txt,brief text,English (language),"100xL, low gain, white in orange area, very high fluorescence"
5746c92f-b8ce-4a90-bf26-e8ca2429ad59,sC_spot 6 (C Spot 6 [Analysis Area of Sample C [Sample of 19th-century pigment mockup]]),Dataset,Point Raman Measurement,,biolk_sC_100x_spot6.txt,biolk_sC_100x_spot6.txt,interpretation,English (language),Fluorescence. only
5effbdb1-63af-4d23-97fe-3711972d34b4,sA2_spot 03 Raman (A2 Spot 3 [Analysis Area of Sample A2 [Sample of 19th-century pigment mockup]]),Dataset,Point Raman Measurement,,biolk_sA2_50x_spot3.dx,biolk_sA2_50x_spot3.txt,brief text,English (language),"50xL, low gain, dark area"
5effbdb1-63af-4d23-97fe-3711972d34b4,sA2_spot 03 Raman (A2 Spot 3 [Analysis Area of Sample A2 [Sample of 19th-century pigment mockup]]),Dataset,Point Raman Measurement,,biolk_sA2_50x_spot3.dx,biolk_sA2_50x_spot3.txt,interpretation,English (language),Indigo and Barium yellow
5effbdb1-63af-4d23-97fe-3711972d34b4,sA2_spot 03 Raman (A2 Spot 3 [Analysis Area of Sample A2 [Sample of 19th-century pigment mockup]]),Dataset,Point Raman Measurement,,biolk_sA2_50x_spot3.txt,biolk_sA2_50x_spot3.txt,brief text,English (language),"50xL, low gain, dark area"
5effbdb1-63af-4d23-97fe-3711972d34b4,sA2_spot 03 Raman (A2 Spot 3 [Analysis Area of Sample A2 [Sample of 19th-century pigment mockup]]),Dataset,Point Raman Measurement,,biolk_sA2_50x_spot3.txt,biolk_sA2_50x_spot3.txt,interpretation,English (language),Indigo and Barium yellow
5effbdb1-63af-4d23-97fe-3711972d34b4,sA2_spot 03 Raman (A2 Spot 3 [Analysis Area of Sample A2 [Sample of 19th-century pigment mockup]]),Dataset,Point Raman Measurement,,biolk_sA2_50x_spot3.wxd,biolk_sA2_50x_spot3.txt,brief text,English (language),"50xL, low gain, dark area"
5effbdb1-63af-4d23-97fe-3711972d34b4,sA2_spot 03 Raman (A2 Spot 3 [Analysis Area of Sample A2 [Sample of 19th-century pigment mockup]]),Dataset,Point Raman Measurement,,biolk_sA2_50x_spot3.wxd,biolk_sA2_50x_spot3.txt,interpretation,English (language),Indigo and Barium yellow
60604127-7380-4286-8723-ef32476bc9f1,Spot 09 FORS (Spot 9 [Analysis Area of 19th-century pigment mockup]),Dataset,FORS Measurement,,TSR_FORS_biolk_00008.asd.sco.abs.dx,,,,
65c6de5a-7ea4-46e0-bcfd-5e1c479bac1f,Spot 13 FORS (Spot 13 [Analysis Area of 19th-century pigment mockup]),Dataset,FORS Measurement,,TSR_FORS_biolk_00009.asd.sco.abs.dx,,,,
7ccefd30-b863-48af-b58d-33a75e7cec1b,Spot 7 XRF (Spot 7 [Analysis Area of 19th-century pigment mockup]),Dataset,Point XRF Measurement,,Biolk_XRF__007minus008.spx,Biolk_XRF__007.txt,interpretation,English (language),"blue spot: Major Ti, Ca; minor Fe, Cr; trace K, S"
7ccefd30-b863-48af-b58d-33a75e7cec1b,Spot 7 XRF (Spot 7 [Analysis Area of 19th-century pigment mockup]),Dataset,Point XRF Measurement,,Biolk_XRF__007.spx,Biolk_XRF__007.txt,interpretation,English (language),"blue spot: Major Ti, Ca; minor Fe, Cr; trace K, S"
7ccefd30-b863-48af-b58d-33a75e7cec1b,Spot 7 XRF (Spot 7 [Analysis Area of 19th-century pigment mockup]),Dataset,Point XRF Measurement,,Biolk_XRF__007minus008.txt,Biolk_XRF__007.txt,interpretation,English (language),"blue spot: Major Ti, Ca; minor Fe, Cr; trace K, S"
7ccefd30-b863-48af-b58d-33a75e7cec1b,Spot 7 XRF (Spot 7 [Analysis Area of 19th-century pigment mockup]),Dataset,Point XRF Measurement,,Biolk_XRF__007.txt,Biolk_XRF__007.txt,interpretation,English (language),"blue spot: Major Ti, Ca; minor Fe, Cr; trace K, S"
83a6ebf8-4e43-4233-aa2c-8c33731de73d,Spot 4 XRF (Spot 4 [Analysis Area of 19th-century pigment mockup]),Dataset,Point XRF Measurement,,Biolk_XRF__004.txt,Biolk_XRF__004.txt,interpretation,English (language),orange area: Major Cd ; Minor S; trace Ti
83a6ebf8-4e43-4233-aa2c-8c33731de73d,Spot 4 XRF (Spot 4 [Analysis Area of 19th-century pigment mockup]),Dataset,Point XRF Measurement,,Biolk_XRF__004minus008.spx,Biolk_XRF__004.txt,interpretation,English (language),orange area: Major Cd ; Minor S; trace Ti
83a6ebf8-4e43-4233-aa2c-8c33731de73d,Spot 4 XRF (Spot 4 [Analysis Area of 19th-century pigment mockup]),Dataset,Point XRF Measurement,,Biolk_XRF__004.spx,Biolk_XRF__004.txt,interpretation,English (language),orange area: Major Cd ; Minor S; trace Ti
83a6ebf8-4e43-4233-aa2c-8c33731de73d,Spot 4 XRF (Spot 4 [Analysis Area of 19th-century pigment mockup]),Dataset,Point XRF Measurement,,Biolk_XRF__004minus008.txt,Biolk_XRF__004.txt,interpretation,English (language),orange area: Major Cd ; Minor S; trace Ti
86cdd5f1-0359-4fee-9b44-48e144998ea4,Spot 3 XRF (Spot 3 [Analysis Area of 19th-century pigment mockup]),Dataset,Point XRF Measurement,,Biolk_XRF__003.spx,Biolk_XRF__003.txt,interpretation,English (language),"dark red area: Major Ca, Ti  Minor Fe, K trace S, Ni, Sr"
86cdd5f1-0359-4fee-9b44-48e144998ea4,Spot 3 XRF (Spot 3 [Analysis Area of 19th-century pigment mockup]),Dataset,Point XRF Measurement,,Biolk_XRF__003.txt,Biolk_XRF__003.txt,interpretation,English (language),"dark red area: Major Ca, Ti  Minor Fe, K trace S, Ni, Sr"
86cdd5f1-0359-4fee-9b44-48e144998ea4,Spot 3 XRF (Spot 3 [Analysis Area of 19th-century pigment mockup]),Dataset,Point XRF Measurement,,Biolk_XRF__003minus008.spx,Biolk_XRF__003.txt,interpretation,English (language),"dark red area: Major Ca, Ti  Minor Fe, K trace S, Ni, Sr"
86cdd5f1-0359-4fee-9b44-48e144998ea4,Spot 3 XRF (Spot 3 [Analysis Area of 19th-century pigment mockup]),Dataset,Point XRF Measurement,,Biolk_XRF__003minus008.txt,Biolk_XRF__003.txt,interpretation,English (language),"dark red area: Major Ca, Ti  Minor Fe, K trace S, Ni, Sr"
a61d9e9a-1fbc-4abe-97b5-6566b7475e14,Spot 14 FORS (Spot 14 [Analysis Area of 19th-century pigment mockup]),Dataset,FORS Measurement,,TSR_FORS_biolk_00010.asd.sco.abs.dx,,,,
c4677cb7-f7a8-4186-bf30-aad543b9d316,sA2_spot 02 Raman (A2 Spot 2 [Analysis Area of Sample A2 [Sample of 19th-century pigment mockup]]),Dataset,Point Raman Measurement,,biolk_sA2_50x_spot2.dx,biolk_sA2_50x_spot2.txt,interpretation,English (language),Barium yellow
c4677cb7-f7a8-4186-bf30-aad543b9d316,sA2_spot 02 Raman (A2 Spot 2 [Analysis Area of Sample A2 [Sample of 19th-century pigment mockup]]),Dataset,Point Raman Measurement,,biolk_sA2_50x_spot2.dx,biolk_sA2_50x_spot2.txt,brief text,English (language),"50xL, low gain, white area"
c4677cb7-f7a8-4186-bf30-aad543b9d316,sA2_spot 02 Raman (A2 Spot 2 [Analysis Area of Sample A2 [Sample of 19th-century pigment mockup]]),Dataset,Point Raman Measurement,,biolk_sA2_50x_spot2.txt,biolk_sA2_50x_spot2.txt,interpretation,English (language),Barium yellow
c4677cb7-f7a8-4186-bf30-aad543b9d316,sA2_spot 02 Raman (A2 Spot 2 [Analysis Area of Sample A2 [Sample of 19th-century pigment mockup]]),Dataset,Point Raman Measurement,,biolk_sA2_50x_spot2.txt,biolk_sA2_50x_spot2.txt,brief text,English (language),"50xL, low gain, white area"
c4677cb7-f7a8-4186-bf30-aad543b9d316,sA2_spot 02 Raman (A2 Spot 2 [Analysis Area of Sample A2 [Sample of 19th-century pigment mockup]]),Dataset,Point Raman Measurement,,biolk_sA2_50x_spot2.wxd,biolk_sA2_50x_spot2.txt,interpretation,English (language),Barium yellow
c4677cb7-f7a8-4186-bf30-aad543b9d316,sA2_spot 02 Raman (A2 Spot 2 [Analysis Area of Sample A2 [Sample of 19th-century pigment mockup]]),Dataset,Point Raman Measurement,,biolk_sA2_50x_spot2.wxd,biolk_sA2_50x_spot2.txt,brief text,English (language),"50xL, low gain, white area"
cd01f397-1a5e-4a26-bec1-66d66fc482d6,Spot 2 XRF (Spot 2 [Analysis Area of 19th-century pigment mockup]),Dataset,Point XRF Measurement,,Biolk_XRF__002minus008.spx,Biolk_XRF__002.txt,interpretation,English (language),"golden yellow spot: Major Ca, Ti Fe; trace S, Ni, Cu, Sr;"
cd01f397-1a5e-4a26-bec1-66d66fc482d6,Spot 2 XRF (Spot 2 [Analysis Area of 19th-century pigment mockup]),Dataset,Point XRF Measurement,,Biolk_XRF__002.spx,Biolk_XRF__002.txt,interpretation,English (language),"golden yellow spot: Major Ca, Ti Fe; trace S, Ni, Cu, Sr;"
cd01f397-1a5e-4a26-bec1-66d66fc482d6,Spot 2 XRF (Spot 2 [Analysis Area of 19th-century pigment mockup]),Dataset,Point XRF Measurement,,Biolk_XRF__002.txt,Biolk_XRF__002.txt,interpretation,English (language),"golden yellow spot: Major Ca, Ti Fe; trace S, Ni, Cu, Sr;"
cd01f397-1a5e-4a26-bec1-66d66fc482d6,Spot 2 XRF (Spot 2 [Analysis Area of 19th-century pigment mockup]),Dataset,Point XRF Measurement,,Biolk_XRF__002minus008.txt,Biolk_XRF__002.txt,interpretation,English (language),"golden yellow spot: Major Ca, Ti Fe; trace S, Ni, Cu, Sr;"
d9c0434a-e70f-4760-ad26-b5137f1b3576,sC_spot 2 Raman (C Spot 2 [Analysis Area of Sample C [Sample of 19th-century pigment mockup]]),Dataset,Point Raman Measurement,,biolk_sC_100x_spot2.dx,biolk_sC_100x_spot2.txt,interpretation,English (language),indigo
d9c0434a-e70f-4760-ad26-b5137f1b3576,sC_spot 2 Raman (C Spot 2 [Analysis Area of Sample C [Sample of 19th-century pigment mockup]]),Dataset,Point Raman Measurement,,biolk_sC_100x_spot2.dx,biolk_sC_100x_spot2.txt,brief text,English (language),"100xL, low gain, dark area, very high fluorescence"
d9c0434a-e70f-4760-ad26-b5137f1b3576,sC_spot 2 Raman (C Spot 2 [Analysis Area of Sample C [Sample of 19th-century pigment mockup]]),Dataset,Point Raman Measurement,,biolk_sC_100x_spot2.wxd,biolk_sC_100x_spot2.txt,interpretation,English (language),indigo
d9c0434a-e70f-4760-ad26-b5137f1b3576,sC_spot 2 Raman (C Spot 2 [Analysis Area of Sample C [Sample of 19th-century pigment mockup]]),Dataset,Point Raman Measurement,,biolk_sC_100x_spot2.wxd,biolk_sC_100x_spot2.txt,brief text,English (language),"100xL, low gain, dark area, very high fluorescence"
d9c0434a-e70f-4760-ad26-b5137f1b3576,sC_spot 2 Raman (C Spot 2 [Analysis Area of Sample C [Sample of 19th-century pigment mockup]]),Dataset,Point Raman Measurement,,biolk_sC_100x_spot2.txt,biolk_sC_100x_spot2.txt,interpretation,English (language),indigo
d9c0434a-e70f-4760-ad26-b5137f1b3576,sC_spot 2 Raman (C Spot 2 [Analysis Area of Sample C [Sample of 19th-century pigment mockup]]),Dataset,Point Raman Measurement,,biolk_sC_100x_spot2.txt,biolk_sC_100x_spot2.txt,brief text,English (language),"100xL, low gain, dark area, very high fluorescence"
db7a234e-14a9-4c9a-928e-9ef3be493ab4,Spot 8 XRF (Spot 8 [Analysis Area of 19th-century pigment mockup]),Dataset,Point XRF Measurement,,Biolk_XRF__008.spx,Biolk_XRF__008.txt,interpretation,English (language),"bare canvas:  Major Ca, Ti; Minor Fe; trace K"
db7a234e-14a9-4c9a-928e-9ef3be493ab4,Spot 8 XRF (Spot 8 [Analysis Area of 19th-century pigment mockup]),Dataset,Point XRF Measurement,,Biolk_XRF__008.txt,Biolk_XRF__008.txt,interpretation,English (language),"bare canvas:  Major Ca, Ti; Minor Fe; trace K"
f04a3ee9-855c-4f09-8814-00dab1925a1b,Spot 1 XRF (Spot 1 [Analysis Area of 19th-century pigment mockup]),Dataset,Point XRF Measurement,,Biolk_XRF__001.spx,Biolk_XRF__001.txt,interpretation,English (language),"black, green area: Major Ti, Ti, Fe; Minor Ba, Sr; trace Ni, Cu"
f04a3ee9-855c-4f09-8814-00dab1925a1b,Spot 1 XRF (Spot 1 [Analysis Area of 19th-century pigment mockup]),Dataset,Point XRF Measurement,,Biolk_XRF__001minus008.spx,Biolk_XRF__001.txt,interpretation,English (language),"black, green area: Major Ti, Ti, Fe; Minor Ba, Sr; trace Ni, Cu"
f04a3ee9-855c-4f09-8814-00dab1925a1b,Spot 1 XRF (Spot 1 [Analysis Area of 19th-century pigment mockup]),Dataset,Point XRF Measurement,,Biolk_XRF__001.txt,Biolk_XRF__001.txt,interpretation,English (language),"black, green area: Major Ti, Ti, Fe; Minor Ba, Sr; trace Ni, Cu"
f04a3ee9-855c-4f09-8814-00dab1925a1b,Spot 1 XRF (Spot 1 [Analysis Area of 19th-century pigment mockup]),Dataset,Point XRF Measurement,,Biolk_XRF__001minus008.txt,Biolk_XRF__001.txt,interpretation,English (language),"black, green area: Major Ti, Ti, Fe; Minor Ba, Sr; trace Ni, Cu"
f43fd007-ca58-4c5d-9981-2a7f7f9a8a12,Spot 6 XRF (Spot 6 [Analysis Area of 19th-century pigment mockup]),Dataset,Point XRF Measurement,,Biolk_XRF__006.spx,Biolk_XRF__006.txt,interpretation,English (language),"green spot: Major Ni, Ti, Co, Zn; Minor --; trace Ca, Sr, S, Nd?, Pr?"
f43fd007-ca58-4c5d-9981-2a7f7f9a8a12,Spot 6 XRF (Spot 6 [Analysis Area of 19th-century pigment mockup]),Dataset,Point XRF Measurement,,Biolk_XRF__006minus008.spx,Biolk_XRF__006.txt,interpretation,English (language),"green spot: Major Ni, Ti, Co, Zn; Minor --; trace Ca, Sr, S, Nd?, Pr?"
f43fd007-ca58-4c5d-9981-2a7f7f9a8a12,Spot 6 XRF (Spot 6 [Analysis Area of 19th-century pigment mockup]),Dataset,Point XRF Measurement,,Biolk_XRF__006minus008.txt,Biolk_XRF__006.txt,interpretation,English (language),"green spot: Major Ni, Ti, Co, Zn; Minor --; trace Ca, Sr, S, Nd?, Pr?"
f43fd007-ca58-4c5d-9981-2a7f7f9a8a12,Spot 6 XRF (Spot 6 [Analysis Area of 19th-century pigment mockup]),Dataset,Point XRF Measurement,,Biolk_XRF__006.txt,Biolk_XRF__006.txt,interpretation,English (language),"green spot: Major Ni, Ti, Co, Zn; Minor --; trace Ca, Sr, S, Nd?, Pr?"
f4a246b7-51ec-4afc-9358-bd9f727806a8,MaXRF Dataset (19th-century pigment mockup),,,,VioBiolk_flat.rpl,,,,
f4a246b7-51ec-4afc-9358-bd9f727806a8,MaXRF Dataset (19th-century pigment mockup),,,,VioBiolk_flat.bcf,,,,
f4a246b7-51ec-4afc-9358-bd9f727806a8,MaXRF Dataset (19th-century pigment mockup),,,,VioBiolk_flat.raw,,,,
f58f23da-3d10-488d-867e-e844aecec68b,Spot 5 XRF (Spot 5 [Analysis Area of 19th-century pigment mockup]),Dataset,Point XRF Measurement,,Biolk_XRF__005minus008.txt,Biolk_XRF__005.txt,interpretation,English (language),"yellow area: Major Ca, Ti, Cr, Pb; Minor Fe; trace Sr"
f58f23da-3d10-488d-867e-e844aecec68b,Spot 5 XRF (Spot 5 [Analysis Area of 19th-century pigment mockup]),Dataset,Point XRF Measurement,,Biolk_XRF__005minus008.spx,Biolk_XRF__005.txt,interpretation,English (language),"yellow area: Major Ca, Ti, Cr, Pb; Minor Fe; trace Sr"
f58f23da-3d10-488d-867e-e844aecec68b,Spot 5 XRF (Spot 5 [Analysis Area of 19th-century pigment mockup]),Dataset,Point XRF Measurement,,Biolk_XRF__005.spx,Biolk_XRF__005.txt,interpretation,English (language),"yellow area: Major Ca, Ti, Cr, Pb; Minor Fe; trace Sr"
f58f23da-3d10-488d-867e-e844aecec68b,Spot 5 XRF (Spot 5 [Analysis Area of 19th-century pigment mockup]),Dataset,Point XRF Measurement,,Biolk_XRF__005.txt,Biolk_XRF__005.txt,interpretation,English (language),"yellow area: Major Ca, Ti, Cr, Pb; Minor Fe; trace Sr"
