resourceinstance_id,file__format_of_file,file__file,file__file_uuid,row_num
12e2fd03-b7b5-4096-9df9-99a369a5f946,,TSR_FORS_biolk_00003.asd.sco.abs.dx,b457ba6f-98ea-488f-90d9-69263c5f16fb,1
199e8923-c314-46ab-8e89-c0d07a08bf81,,biolk_sC_100x_spot3.dx,aeb2f3e0-72fe-486c-8b87-be52dc1135d9,2
199e8923-c314-46ab-8e89-c0d07a08bf81,,biolk_sC_100x_spot3.wxd,62c68a62-4d3f-45fc-99eb-c69ff6ba31d1,3
199e8923-c314-46ab-8e89-c0d07a08bf81,,biolk_sC_100x_spot3.txt,09452bc1-c53d-4c01-93a7-cf838c762e9f,4
1dec1dcc-f336-4ff3-a82d-9ea5dffc66a9,,biolk_sC_100x_spot1.wxd,009fbff5-890d-4a7f-acd1-aa2764d5cf2f,5
1dec1dcc-f336-4ff3-a82d-9ea5dffc66a9,,biolk_sC_100x_spot1.txt,0e04427c-6a89-45fe-bd6c-ac8926263b4e,6
1dec1dcc-f336-4ff3-a82d-9ea5dffc66a9,,biolk_sC_100x_spot1.dx,6c4808b3-edab-44b5-96eb-f7512006153a,7
225ce57b-6c0b-4eb4-8894-51debad23c15,,TSR_FORS_biolk_00007.asd.sco.abs.dx,f229c70f-a3d2-4ea0-b398-060102faa3e8,8
4ec84f54-c27f-4880-8339-146eb381363b,,biolk_sC_100x_spot4.wxd,687e536f-9ea8-4b9f-9fd9-e8f9ec8ea35f,9
4ec84f54-c27f-4880-8339-146eb381363b,,biolk_sC_100x_spot4.txt,a38326d2-3980-40c1-a34a-c20931def52e,10
4ec84f54-c27f-4880-8339-146eb381363b,,biolk_sC_100x_spot4.dx,c34a0b2b-3cd4-4c85-aa4f-1819ab2f71a6,11
55e29584-b631-4dd2-a8dc-60ad4fcf4bd9,,biolk_sA2_20x_spot1.dx,6dbf2393-3721-4c89-9136-03ff7d035e0e,12
55e29584-b631-4dd2-a8dc-60ad4fcf4bd9,,biolk_sA2_50x_spot1.txt,6150f5d5-0c88-4376-9757-292e6efcde9b,13
55e29584-b631-4dd2-a8dc-60ad4fcf4bd9,,biolk_sA2_20x_spot1.txt,3e1b0909-651e-4444-8285-d47a8e2e271a,14
55e29584-b631-4dd2-a8dc-60ad4fcf4bd9,,biolk_sA2_50x_spot1.dx,65ababbc-d014-40a6-85ab-e31c227cdf70,15
55e29584-b631-4dd2-a8dc-60ad4fcf4bd9,,biolk_sA2_50x_spot1.wxd,3f04955c-82fb-4946-a972-e4b735db4c43,16
55e29584-b631-4dd2-a8dc-60ad4fcf4bd9,,biolk_sA2_20x_spot1.wxd,37f6ac4e-c3bf-45ca-a170-746f156a9cdd,17
566f96fe-87ef-4711-9ad8-3693d48277ea,,biolk_sC_100x_spot5.txt,eb8f81be-dc41-47de-b1ea-c7ab5877ef29,18
566f96fe-87ef-4711-9ad8-3693d48277ea,,biolk_sC_100x_spot5.wxd,c24ca4d2-bcb2-4c40-a20c-642be1981fd5,19
566f96fe-87ef-4711-9ad8-3693d48277ea,,biolk_sC_100x_spot5.dx,d58d53df-c0ef-40a0-b60d-ef21361591c9,20
5746c92f-b8ce-4a90-bf26-e8ca2429ad59,,biolk_sC_100x_spot6.dx,5a36969a-3181-40c8-9cdb-0ba137bf08e6,21
5746c92f-b8ce-4a90-bf26-e8ca2429ad59,,biolk_sC_100x_spot6.txt,9eba1281-1db0-4623-b918-bd6862ebd3a4,22
5746c92f-b8ce-4a90-bf26-e8ca2429ad59,,biolk_sC_100x_spot6.wxd,a75ce363-5457-4e6f-9e81-98df0fe7f92b,23
5effbdb1-63af-4d23-97fe-3711972d34b4,,biolk_sA2_50x_spot3.wxd,edaecc1d-97ce-490d-95d3-0b3a4deea1d2,24
5effbdb1-63af-4d23-97fe-3711972d34b4,,biolk_sA2_50x_spot3.txt,a95f55ab-350f-4234-82b8-e7ba061b65c8,25
5effbdb1-63af-4d23-97fe-3711972d34b4,,biolk_sA2_50x_spot3.dx,b763a9ae-b23f-49d4-9da8-e1d3fca72f2d,26
60604127-7380-4286-8723-ef32476bc9f1,,TSR_FORS_biolk_00008.asd.sco.abs.dx,fe5b89b6-234b-45a1-bf42-6d184449fa8a,27
65c6de5a-7ea4-46e0-bcfd-5e1c479bac1f,,TSR_FORS_biolk_00009.asd.sco.abs.dx,52bbd3cc-06ce-45e0-85b7-509a0e9392de,28
7ccefd30-b863-48af-b58d-33a75e7cec1b,,Biolk_XRF__007.txt,4dc73d16-5089-40d2-9936-e94bf4e6e32e,29
7ccefd30-b863-48af-b58d-33a75e7cec1b,,Biolk_XRF__007minus008.txt,350bd7a3-f375-45db-b9f5-6ac9502796d1,30
7ccefd30-b863-48af-b58d-33a75e7cec1b,,Biolk_XRF__007minus008.spx,7c65403f-c53d-44a9-b5ff-fb4ab4c65dd6,31
7ccefd30-b863-48af-b58d-33a75e7cec1b,,Biolk_XRF__007.spx,a4c29519-189e-464c-bf94-6ea5a33bb7a4,32
83a6ebf8-4e43-4233-aa2c-8c33731de73d,,Biolk_XRF__004.txt,b6666138-7306-4fe0-b0f5-aeed7e3c75e4,33
83a6ebf8-4e43-4233-aa2c-8c33731de73d,,Biolk_XRF__004minus008.spx,39374ef6-e1b1-4a58-b277-fac9a4919ffb,34
83a6ebf8-4e43-4233-aa2c-8c33731de73d,,Biolk_XRF__004.spx,725da319-238c-4f66-b93e-3809ef13c4a5,35
83a6ebf8-4e43-4233-aa2c-8c33731de73d,,Biolk_XRF__004minus008.txt,3b9cbc5c-01b5-4a59-a0dc-f0dfdcc5981b,36
86cdd5f1-0359-4fee-9b44-48e144998ea4,,Biolk_XRF__003minus008.txt,beaedb2b-c3f8-4a3e-8e12-37e223b3ffa9,37
86cdd5f1-0359-4fee-9b44-48e144998ea4,,Biolk_XRF__003minus008.spx,c08cf678-6780-4bd2-a861-2fc1e4416574,38
86cdd5f1-0359-4fee-9b44-48e144998ea4,,Biolk_XRF__003.txt,5b9d5bc8-87f4-43d5-be8d-492720d16fd9,39
86cdd5f1-0359-4fee-9b44-48e144998ea4,,Biolk_XRF__003.spx,e344d5b1-00da-4953-9145-ecea3d92f679,40
a61d9e9a-1fbc-4abe-97b5-6566b7475e14,,TSR_FORS_biolk_00010.asd.sco.abs.dx,ad209f79-c87c-4e4a-ba1a-048e5ad1e882,41
c4677cb7-f7a8-4186-bf30-aad543b9d316,,biolk_sA2_50x_spot2.dx,4fd97f19-c884-44d5-a63c-497ec66c79e8,42
c4677cb7-f7a8-4186-bf30-aad543b9d316,,biolk_sA2_50x_spot2.txt,9ef5f363-e1e9-431e-b8f1-9a99352ffd89,43
c4677cb7-f7a8-4186-bf30-aad543b9d316,,biolk_sA2_50x_spot2.wxd,133e2107-5e64-47ab-a588-48955ef1d427,44
cd01f397-1a5e-4a26-bec1-66d66fc482d6,,Biolk_XRF__002.spx,7666c8ce-da9f-40d7-a101-937f85a50b0d,45
cd01f397-1a5e-4a26-bec1-66d66fc482d6,,Biolk_XRF__002minus008.spx,0bde8e88-72e3-4e98-a0c6-43a08903ec05,46
cd01f397-1a5e-4a26-bec1-66d66fc482d6,,Biolk_XRF__002.txt,a88f5b03-4ae4-443d-ae45-2269e268a738,47
cd01f397-1a5e-4a26-bec1-66d66fc482d6,,Biolk_XRF__002minus008.txt,2f0d3d0b-8961-469c-a2c4-c2d89aac7035,48
d9c0434a-e70f-4760-ad26-b5137f1b3576,,biolk_sC_100x_spot2.dx,69ca77fc-38e2-40be-9318-7079116d090f,49
d9c0434a-e70f-4760-ad26-b5137f1b3576,,biolk_sC_100x_spot2.txt,af157539-4908-460c-9f76-099fc56cf3b7,50
d9c0434a-e70f-4760-ad26-b5137f1b3576,,biolk_sC_100x_spot2.wxd,a2be6af6-c9ad-40f0-b8ac-9569a7784fad,51
db7a234e-14a9-4c9a-928e-9ef3be493ab4,,Biolk_XRF__008.txt,75dba810-82d0-4349-b9f2-c0073c974852,52
db7a234e-14a9-4c9a-928e-9ef3be493ab4,,Biolk_XRF__008.spx,f5506aac-a6ef-4fd5-a2dd-cba70afbe61e,53
f04a3ee9-855c-4f09-8814-00dab1925a1b,,Biolk_XRF__001.spx,ed2d2e43-74b2-409b-8c95-4a770ad38bc4,54
f04a3ee9-855c-4f09-8814-00dab1925a1b,,Biolk_XRF__001minus008.txt,49a392bf-096a-4469-bde4-b72320b87e03,55
f04a3ee9-855c-4f09-8814-00dab1925a1b,,Biolk_XRF__001.txt,37d8bc63-dd9c-4bf6-90cd-41e947532537,56
f04a3ee9-855c-4f09-8814-00dab1925a1b,,Biolk_XRF__001minus008.spx,b7b78332-37b6-402c-a76d-e843ad5e2880,57
f43fd007-ca58-4c5d-9981-2a7f7f9a8a12,,Biolk_XRF__006.txt,22dfd757-4142-49a8-ba15-383370bbb85e,58
f43fd007-ca58-4c5d-9981-2a7f7f9a8a12,,Biolk_XRF__006minus008.txt,880c0d00-d727-4859-a61d-9524335cc12c,59
f43fd007-ca58-4c5d-9981-2a7f7f9a8a12,,Biolk_XRF__006minus008.spx,8170ccfd-d00c-4d69-9a39-29d7ce5e3057,60
f43fd007-ca58-4c5d-9981-2a7f7f9a8a12,,Biolk_XRF__006.spx,b2e5bad4-df49-4adc-83d5-150a474b9ef4,61
f4a246b7-51ec-4afc-9358-bd9f727806a8,,VioBiolk_flat.bcf,c0c0dc86-4f10-4cc1-af1b-adde2b0782fc,62
f4a246b7-51ec-4afc-9358-bd9f727806a8,,VioBiolk_flat.raw,cea6aefd-6001-4915-93e3-910a71164a0e,63
f4a246b7-51ec-4afc-9358-bd9f727806a8,,VioBiolk_flat.rpl,33b8b921-034d-4422-8841-d30176ad995e,64
f58f23da-3d10-488d-867e-e844aecec68b,,Biolk_XRF__005.spx,20ab2573-85cb-4042-922a-bcb1511ba625,65
f58f23da-3d10-488d-867e-e844aecec68b,,Biolk_XRF__005.txt,a1d5ce40-7cb4-452c-afa6-4796cd795302,66
f58f23da-3d10-488d-867e-e844aecec68b,,Biolk_XRF__005minus008.txt,198efb7a-bee3-4c0b-aa03-4c124e04519c,67
f58f23da-3d10-488d-867e-e844aecec68b,,Biolk_XRF__005minus008.spx,c0b934e7-196b-4f9a-b10f-311e2469ca7f,68
